YEAR,MONTH,Category,Number
1976,1,NYS Labor Force,7687165
1976,2,NYS Labor Force,7684752
1976,3,NYS Labor Force,7684481
1976,4,NYS Labor Force,7689935
1976,5,NYS Labor Force,7699911
1976,6,NYS Labor Force,7710197
1976,7,NYS Labor Force,7714711
1976,8,NYS Labor Force,7711955
1976,9,NYS Labor Force,7702135
1976,10,NYS Labor Force,7688549
1976,11,NYS Labor Force,7675643
1976,12,NYS Labor Force,7669179
1977,1,NYS Labor Force,7673859
1977,2,NYS Labor Force,7685946
1977,3,NYS Labor Force,7699013
1977,4,NYS Labor Force,7710663
1977,5,NYS Labor Force,7719926
1977,6,NYS Labor Force,7726901
1977,7,NYS Labor Force,7733588
1977,8,NYS Labor Force,7742645
1977,9,NYS Labor Force,7754068
1977,10,NYS Labor Force,7765621
1977,11,NYS Labor Force,7775641
1977,12,NYS Labor Force,7782581
1978,1,NYS Labor Force,7787320
1978,2,NYS Labor Force,7792592
1978,3,NYS Labor Force,7799865
1978,4,NYS Labor Force,7808695
1978,5,NYS Labor Force,7819734
1978,6,NYS Labor Force,7832827
1978,7,NYS Labor Force,7847213
1978,8,NYS Labor Force,7862942
1978,9,NYS Labor Force,7880750
1978,10,NYS Labor Force,7901898
1978,11,NYS Labor Force,7924783
1978,12,NYS Labor Force,7944266
1979,1,NYS Labor Force,7955684
1979,2,NYS Labor Force,7959763
1979,3,NYS Labor Force,7960601
1979,4,NYS Labor Force,7962758
1979,5,NYS Labor Force,7970035
1979,6,NYS Labor Force,7982659
1979,7,NYS Labor Force,7999247
1979,8,NYS Labor Force,8017455
1979,9,NYS Labor Force,8034013
1979,10,NYS Labor Force,8044467
1979,11,NYS Labor Force,8046086
1979,12,NYS Labor Force,8040294
1980,1,NYS Labor Force,8028702
1980,2,NYS Labor Force,8012458
1980,3,NYS Labor Force,7993688
1980,4,NYS Labor Force,7975051
1980,5,NYS Labor Force,7959384
1980,6,NYS Labor Force,7950541
1980,7,NYS Labor Force,7948491
1980,8,NYS Labor Force,7950512
1980,9,NYS Labor Force,7955340
1980,10,NYS Labor Force,7963137
1980,11,NYS Labor Force,7975839
1980,12,NYS Labor Force,7995685
1981,1,NYS Labor Force,8021001
1981,2,NYS Labor Force,8046249
1981,3,NYS Labor Force,8065538
1981,4,NYS Labor Force,8073028
1981,5,NYS Labor Force,8065869
1981,6,NYS Labor Force,8047169
1981,7,NYS Labor Force,8023540
1981,8,NYS Labor Force,8001955
1981,9,NYS Labor Force,7986251
1981,10,NYS Labor Force,7978150
1981,11,NYS Labor Force,7975144
1981,12,NYS Labor Force,7974771
1982,1,NYS Labor Force,7976631
1982,2,NYS Labor Force,7980422
1982,3,NYS Labor Force,7984128
1982,4,NYS Labor Force,7987010
1982,5,NYS Labor Force,7988116
1982,6,NYS Labor Force,7985785
1982,7,NYS Labor Force,7980868
1982,8,NYS Labor Force,7975605
1982,9,NYS Labor Force,7972315
1982,10,NYS Labor Force,7971774
1982,11,NYS Labor Force,7973878
1982,12,NYS Labor Force,7975272
1983,1,NYS Labor Force,7975079
1983,2,NYS Labor Force,7976511
1983,3,NYS Labor Force,7982910
1983,4,NYS Labor Force,7997761
1983,5,NYS Labor Force,8019832
1983,6,NYS Labor Force,8044373
1983,7,NYS Labor Force,8066458
1983,8,NYS Labor Force,8080773
1983,9,NYS Labor Force,8084502
1983,10,NYS Labor Force,8078782
1983,11,NYS Labor Force,8067726
1983,12,NYS Labor Force,8057585
1984,1,NYS Labor Force,8053218
1984,2,NYS Labor Force,8056637
1984,3,NYS Labor Force,8068225
1984,4,NYS Labor Force,8084388
1984,5,NYS Labor Force,8102352
1984,6,NYS Labor Force,8118126
1984,7,NYS Labor Force,8127075
1984,8,NYS Labor Force,8129770
1984,9,NYS Labor Force,8129062
1984,10,NYS Labor Force,8128824
1984,11,NYS Labor Force,8133760
1984,12,NYS Labor Force,8145936
1985,1,NYS Labor Force,8162398
1985,2,NYS Labor Force,8177031
1985,3,NYS Labor Force,8184560
1985,4,NYS Labor Force,8249355
1985,5,NYS Labor Force,8278164
1985,6,NYS Labor Force,8293359
1985,7,NYS Labor Force,8307718
1985,8,NYS Labor Force,8325905
1985,9,NYS Labor Force,8347996
1985,10,NYS Labor Force,8371636
1985,11,NYS Labor Force,8392584
1985,12,NYS Labor Force,8407813
1986,1,NYS Labor Force,8417695
1986,2,NYS Labor Force,8425409
1986,3,NYS Labor Force,8432690
1986,4,NYS Labor Force,8439440
1986,5,NYS Labor Force,8444060
1986,6,NYS Labor Force,8446309
1986,7,NYS Labor Force,8446807
1986,8,NYS Labor Force,8446010
1986,9,NYS Labor Force,8444650
1986,10,NYS Labor Force,8443246
1986,11,NYS Labor Force,8441569
1986,12,NYS Labor Force,8440883
1987,1,NYS Labor Force,8441771
1987,2,NYS Labor Force,8443503
1987,3,NYS Labor Force,8447195
1987,4,NYS Labor Force,8453220
1987,5,NYS Labor Force,8461149
1987,6,NYS Labor Force,8471192
1987,7,NYS Labor Force,8483495
1987,8,NYS Labor Force,8497287
1987,9,NYS Labor Force,8510594
1987,10,NYS Labor Force,8520595
1987,11,NYS Labor Force,8525703
1987,12,NYS Labor Force,8524333
1988,1,NYS Labor Force,8516679
1988,2,NYS Labor Force,8506600
1988,3,NYS Labor Force,8498645
1988,4,NYS Labor Force,8497368
1988,5,NYS Labor Force,8505117
1988,6,NYS Labor Force,8520534
1988,7,NYS Labor Force,8540340
1988,8,NYS Labor Force,8561839
1988,9,NYS Labor Force,8583153
1988,10,NYS Labor Force,8602025
1988,11,NYS Labor Force,8617868
1988,12,NYS Labor Force,8631431
1989,1,NYS Labor Force,8644324
1989,2,NYS Labor Force,8656545
1989,3,NYS Labor Force,8667962
1989,4,NYS Labor Force,8677599
1989,5,NYS Labor Force,8684836
1989,6,NYS Labor Force,8690808
1989,7,NYS Labor Force,8696915
1989,8,NYS Labor Force,8704437
1989,9,NYS Labor Force,8715162
1989,10,NYS Labor Force,8731611
1989,11,NYS Labor Force,8752551
1989,12,NYS Labor Force,8775180
1990,1,NYS Labor Force,8796154
1990,2,NYS Labor Force,8812167
1990,3,NYS Labor Force,8821532
1990,4,NYS Labor Force,8824908
1990,5,NYS Labor Force,8825081
1990,6,NYS Labor Force,8823069
1990,7,NYS Labor Force,8820754
1990,8,NYS Labor Force,8818372
1990,9,NYS Labor Force,8813305
1990,10,NYS Labor Force,8804304
1990,11,NYS Labor Force,8793744
1990,12,NYS Labor Force,8784321
1991,1,NYS Labor Force,8777929
1991,2,NYS Labor Force,8775940
1991,3,NYS Labor Force,8775539
1991,4,NYS Labor Force,8773441
1991,5,NYS Labor Force,8767616
1991,6,NYS Labor Force,8757553
1991,7,NYS Labor Force,8743327
1991,8,NYS Labor Force,8727816
1991,9,NYS Labor Force,8715680
1991,10,NYS Labor Force,8708582
1991,11,NYS Labor Force,8705941
1991,12,NYS Labor Force,8706137
1992,1,NYS Labor Force,8708926
1992,2,NYS Labor Force,8714912
1992,3,NYS Labor Force,8725365
1992,4,NYS Labor Force,8740047
1992,5,NYS Labor Force,8754894
1992,6,NYS Labor Force,8766480
1992,7,NYS Labor Force,8773818
1992,8,NYS Labor Force,8776018
1992,9,NYS Labor Force,8772947
1992,10,NYS Labor Force,8766374
1992,11,NYS Labor Force,8756812
1992,12,NYS Labor Force,8745286
1993,1,NYS Labor Force,8733683
1993,2,NYS Labor Force,8723152
1993,3,NYS Labor Force,8715644
1993,4,NYS Labor Force,8711654
1993,5,NYS Labor Force,8711124
1993,6,NYS Labor Force,8713337
1993,7,NYS Labor Force,8715058
1993,8,NYS Labor Force,8715040
1993,9,NYS Labor Force,8714887
1993,10,NYS Labor Force,8715671
1993,11,NYS Labor Force,8718020
1993,12,NYS Labor Force,8721201
1994,1,NYS Labor Force,8721845
1994,2,NYS Labor Force,8716537
1994,3,NYS Labor Force,8704544
1994,4,NYS Labor Force,8688016
1994,5,NYS Labor Force,8671546
1994,6,NYS Labor Force,8659424
1994,7,NYS Labor Force,8654246
1994,8,NYS Labor Force,8654979
1994,9,NYS Labor Force,8658712
1994,10,NYS Labor Force,8662816
1994,11,NYS Labor Force,8666851
1994,12,NYS Labor Force,8669405
1995,1,NYS Labor Force,8668788
1995,2,NYS Labor Force,8665605
1995,3,NYS Labor Force,8661084
1995,4,NYS Labor Force,8656628
1995,5,NYS Labor Force,8654154
1995,6,NYS Labor Force,8654069
1995,7,NYS Labor Force,8656212
1995,8,NYS Labor Force,8659665
1995,9,NYS Labor Force,8662646
1995,10,NYS Labor Force,8664429
1995,11,NYS Labor Force,8665220
1995,12,NYS Labor Force,8667829
1996,1,NYS Labor Force,8676288
1996,2,NYS Labor Force,8692038
1996,3,NYS Labor Force,8713366
1996,4,NYS Labor Force,8736676
1996,5,NYS Labor Force,8758880
1996,6,NYS Labor Force,8779097
1996,7,NYS Labor Force,8798180
1996,8,NYS Labor Force,8817324
1996,9,NYS Labor Force,8836157
1996,10,NYS Labor Force,8854420
1996,11,NYS Labor Force,8872559
1996,12,NYS Labor Force,8891400
1997,1,NYS Labor Force,8911659
1997,2,NYS Labor Force,8933963
1997,3,NYS Labor Force,8958859
1997,4,NYS Labor Force,8986277
1997,5,NYS Labor Force,9012356
1997,6,NYS Labor Force,9033067
1997,7,NYS Labor Force,9046902
1997,8,NYS Labor Force,9054149
1997,9,NYS Labor Force,9056630
1997,10,NYS Labor Force,9056832
1997,11,NYS Labor Force,9055815
1997,12,NYS Labor Force,9054800
1998,1,NYS Labor Force,9054056
1998,2,NYS Labor Force,9053560
1998,3,NYS Labor Force,9052610
1998,4,NYS Labor Force,9052004
1998,5,NYS Labor Force,9053944
1998,6,NYS Labor Force,9059204
1998,7,NYS Labor Force,9067021
1998,8,NYS Labor Force,9077075
1998,9,NYS Labor Force,9088861
1998,10,NYS Labor Force,9099746
1998,11,NYS Labor Force,9107113
1998,12,NYS Labor Force,9109717
1999,1,NYS Labor Force,9108381
1999,2,NYS Labor Force,9106298
1999,3,NYS Labor Force,9106566
1999,4,NYS Labor Force,9110450
1999,5,NYS Labor Force,9117406
1999,6,NYS Labor Force,9126613
1999,7,NYS Labor Force,9135573
1999,8,NYS Labor Force,9141542
1999,9,NYS Labor Force,9143518
1999,10,NYS Labor Force,9142895
1999,11,NYS Labor Force,9142965
1999,12,NYS Labor Force,9145142
2000,1,NYS Labor Force,9148772
2000,2,NYS Labor Force,9150933
2000,3,NYS Labor Force,9149949
2000,4,NYS Labor Force,9145145
2000,5,NYS Labor Force,9136838
2000,6,NYS Labor Force,9126545
2000,7,NYS Labor Force,9117373
2000,8,NYS Labor Force,9113416
2000,9,NYS Labor Force,9116092
2000,10,NYS Labor Force,9124683
2000,11,NYS Labor Force,9135828
2000,12,NYS Labor Force,9145125
2001,1,NYS Labor Force,9149403
2001,2,NYS Labor Force,9148011
2001,3,NYS Labor Force,9141552
2001,4,NYS Labor Force,9132763
2001,5,NYS Labor Force,9126617
2001,6,NYS Labor Force,9125876
2001,7,NYS Labor Force,9132095
2001,8,NYS Labor Force,9142544
2001,9,NYS Labor Force,9154926
2001,10,NYS Labor Force,9168482
2001,11,NYS Labor Force,9182280
2001,12,NYS Labor Force,9197679
2002,1,NYS Labor Force,9215047
2002,2,NYS Labor Force,9232774
2002,3,NYS Labor Force,9249119
2002,4,NYS Labor Force,9263603
2002,5,NYS Labor Force,9275952
2002,6,NYS Labor Force,9286050
2002,7,NYS Labor Force,9292936
2002,8,NYS Labor Force,9297709
2002,9,NYS Labor Force,9301647
2002,10,NYS Labor Force,9303119
2002,11,NYS Labor Force,9302259
2002,12,NYS Labor Force,9298512
2003,1,NYS Labor Force,9293854
2003,2,NYS Labor Force,9290354
2003,3,NYS Labor Force,9286833
2003,4,NYS Labor Force,9280666
2003,5,NYS Labor Force,9270558
2003,6,NYS Labor Force,9259338
2003,7,NYS Labor Force,9249134
2003,8,NYS Labor Force,9241539
2003,9,NYS Labor Force,9238227
2003,10,NYS Labor Force,9241024
2003,11,NYS Labor Force,9249302
2003,12,NYS Labor Force,9258922
2004,1,NYS Labor Force,9265169
2004,2,NYS Labor Force,9266727
2004,3,NYS Labor Force,9300272
2004,4,NYS Labor Force,9326798
2004,5,NYS Labor Force,9347739
2004,6,NYS Labor Force,9363865
2004,7,NYS Labor Force,9377242
2004,8,NYS Labor Force,9388436
2004,9,NYS Labor Force,9396011
2004,10,NYS Labor Force,9398541
2004,11,NYS Labor Force,9396294
2004,12,NYS Labor Force,9394413
2005,1,NYS Labor Force,9396085
2005,2,NYS Labor Force,9401262
2005,3,NYS Labor Force,9409839
2005,4,NYS Labor Force,9423325
2005,5,NYS Labor Force,9442291
2005,6,NYS Labor Force,9463924
2005,7,NYS Labor Force,9483995
2005,8,NYS Labor Force,9498246
2005,9,NYS Labor Force,9505190
2005,10,NYS Labor Force,9506360
2005,11,NYS Labor Force,9504409
2005,12,NYS Labor Force,9500990
2006,1,NYS Labor Force,9499541
2006,2,NYS Labor Force,9502227
2006,3,NYS Labor Force,9508146
2006,4,NYS Labor Force,9513981
2006,5,NYS Labor Force,9516161
2006,6,NYS Labor Force,9513249
2006,7,NYS Labor Force,9507535
2006,8,NYS Labor Force,9503367
2006,9,NYS Labor Force,9503147
2006,10,NYS Labor Force,9507130
2006,11,NYS Labor Force,9513238
2006,12,NYS Labor Force,9517371
2007,1,NYS Labor Force,9517017
2007,2,NYS Labor Force,9513343
2007,3,NYS Labor Force,9507329
2007,4,NYS Labor Force,9501517
2007,5,NYS Labor Force,9498541
2007,6,NYS Labor Force,9499555
2007,7,NYS Labor Force,9504776
2007,8,NYS Labor Force,9514662
2007,9,NYS Labor Force,9528946
2007,10,NYS Labor Force,9545835
2007,11,NYS Labor Force,9563786
2007,12,NYS Labor Force,9581991
2008,1,NYS Labor Force,9598042
2008,2,NYS Labor Force,9610400
2008,3,NYS Labor Force,9620542
2008,4,NYS Labor Force,9630522
2008,5,NYS Labor Force,9642282
2008,6,NYS Labor Force,9657335
2008,7,NYS Labor Force,9674584
2008,8,NYS Labor Force,9691204
2008,9,NYS Labor Force,9704706
2008,10,NYS Labor Force,9713684
2008,11,NYS Labor Force,9716531
2008,12,NYS Labor Force,9712772
2009,1,NYS Labor Force,9703544
2009,2,NYS Labor Force,9692579
2009,3,NYS Labor Force,9684568
2009,4,NYS Labor Force,9680939
2009,5,NYS Labor Force,9678652
2009,6,NYS Labor Force,9674374
2009,7,NYS Labor Force,9664397
2009,8,NYS Labor Force,9646808
2009,9,NYS Labor Force,9624047
2009,10,NYS Labor Force,9599817
2009,11,NYS Labor Force,9582339
2009,12,NYS Labor Force,9578723
2010,1,NYS Labor Force,9589044
2010,2,NYS Labor Force,9605948
2010,3,NYS Labor Force,9621227
2010,4,NYS Labor Force,9630479
2010,5,NYS Labor Force,9631529
2010,6,NYS Labor Force,9623572
2010,7,NYS Labor Force,9609354
2010,8,NYS Labor Force,9593332
2010,9,NYS Labor Force,9577587
2010,10,NYS Labor Force,9563891
2010,11,NYS Labor Force,9551431
2010,12,NYS Labor Force,9539098
2011,1,NYS Labor Force,9528314
2011,2,NYS Labor Force,9517986
2011,3,NYS Labor Force,9506231
2011,4,NYS Labor Force,9493559
2011,5,NYS Labor Force,9483635
2011,6,NYS Labor Force,9480227
2011,7,NYS Labor Force,9486165
2011,8,NYS Labor Force,9500945
2011,9,NYS Labor Force,9521336
2011,10,NYS Labor Force,9543711
2011,11,NYS Labor Force,9562510
2011,12,NYS Labor Force,9574444
2012,1,NYS Labor Force,9581121
2012,2,NYS Labor Force,9586612
2012,3,NYS Labor Force,9591657
2012,4,NYS Labor Force,9594584
2012,5,NYS Labor Force,9597583
2012,6,NYS Labor Force,9602266
2012,7,NYS Labor Force,9608455
2012,8,NYS Labor Force,9617913
2012,9,NYS Labor Force,9631758
2012,10,NYS Labor Force,9645555
2012,11,NYS Labor Force,9655584
2012,12,NYS Labor Force,9659771
2013,1,NYS Labor Force,9655271
2013,2,NYS Labor Force,9651505
2013,3,NYS Labor Force,9651758
2013,4,NYS Labor Force,9660078
2013,5,NYS Labor Force,9672985
2013,6,NYS Labor Force,9685182
2013,7,NYS Labor Force,9692150
2013,8,NYS Labor Force,9687837
2013,9,NYS Labor Force,9671445
2013,10,NYS Labor Force,9650536
2013,11,NYS Labor Force,9631855
2013,12,NYS Labor Force,9617388
2014,1,NYS Labor Force,9557444
2014,2,NYS Labor Force,9548508
2014,3,NYS Labor Force,9540438
2014,4,NYS Labor Force,9531103
2014,5,NYS Labor Force,9521124
2014,6,NYS Labor Force,9514317
2014,7,NYS Labor Force,9511481
2014,8,NYS Labor Force,9514182
2014,9,NYS Labor Force,9521660
2014,10,NYS Labor Force,9529358
2014,11,NYS Labor Force,9534612
2014,12,NYS Labor Force,9540144
2015,1,NYS Labor Force,9544579
2015,2,NYS Labor Force,9552949
2015,3,NYS Labor Force,9561497
2015,4,NYS Labor Force,9568011
2015,5,NYS Labor Force,9569402
2015,6,NYS Labor Force,9563755
2015,7,NYS Labor Force,9554722
2015,8,NYS Labor Force,9547385
2015,9,NYS Labor Force,9545316
2015,10,NYS Labor Force,9552323
2015,11,NYS Labor Force,9567364
2015,12,NYS Labor Force,9582950
2016,1,NYS Labor Force,9591743
2016,2,NYS Labor Force,9590442
2016,3,NYS Labor Force,9579507
2016,4,NYS Labor Force,9564084
2016,5,NYS Labor Force,9550935
2016,6,NYS Labor Force,9543083
2016,7,NYS Labor Force,9539996
2016,8,NYS Labor Force,9539455
2016,9,NYS Labor Force,9539105
2016,10,NYS Labor Force,9536267
2016,11,NYS Labor Force,9531775
2016,12,NYS Labor Force,9529163
2017,1,NYS Labor Force,9530913
2017,2,NYS Labor Force,9537224
2017,3,NYS Labor Force,9545838
2017,4,NYS Labor Force,9555504
2017,5,NYS Labor Force,9564471
2017,6,NYS Labor Force,9570659
2017,7,NYS Labor Force,9572659
2017,8,NYS Labor Force,9568287
2017,9,NYS Labor Force,9557643
2017,10,NYS Labor Force,9543205
2017,11,NYS Labor Force,9527547
2017,12,NYS Labor Force,9513789
2018,1,NYS Labor Force,9505817
2018,2,NYS Labor Force,9506088
2018,3,NYS Labor Force,9512599
2018,4,NYS Labor Force,9518802
2018,5,NYS Labor Force,9520394
2018,6,NYS Labor Force,9518221
2018,7,NYS Labor Force,9514970
2018,8,NYS Labor Force,9515399
2018,9,NYS Labor Force,9521482
2018,10,NYS Labor Force,9531730
2018,11,NYS Labor Force,9542679
2018,12,NYS Labor Force,9549429
2019,1,NYS Labor Force,9547462
2019,2,NYS Labor Force,9534512
2019,3,NYS Labor Force,9514746
2019,4,NYS Labor Force,9495586
2019,5,NYS Labor Force,9483005
2019,6,NYS Labor Force,9480192
2019,7,NYS Labor Force,9488460
2019,8,NYS Labor Force,9501909
2019,9,NYS Labor Force,9516997
2019,10,NYS Labor Force,9527899
2019,11,NYS Labor Force,9529070
2019,12,NYS Labor Force,9527712
2020,1,NYS Labor Force,9542921
2020,2,NYS Labor Force,9551655
2020,3,NYS Labor Force,9411433
2020,4,NYS Labor Force,9084012
2020,5,NYS Labor Force,9089160
2020,6,NYS Labor Force,9379581
2020,7,NYS Labor Force,9580264
2020,8,NYS Labor Force,9496930
2020,9,NYS Labor Force,9134041
1976,1,NYS Employed,6896554
1976,2,NYS Employed,6895390
1976,3,NYS Employed,6897998
1976,4,NYS Employed,6906874
1976,5,NYS Employed,6917563
1976,6,NYS Employed,6926350
1976,7,NYS Employed,6928065
1976,8,NYS Employed,6922698
1976,9,NYS Employed,6912814
1976,10,NYS Employed,6901865
1976,11,NYS Employed,6894001
1976,12,NYS Employed,6893647
1977,1,NYS Employed,6903917
1977,2,NYS Employed,6923761
1977,3,NYS Employed,6948749
1977,4,NYS Employed,6975580
1977,5,NYS Employed,7001075
1977,6,NYS Employed,7022585
1977,7,NYS Employed,7040877
1977,8,NYS Employed,7058488
1977,9,NYS Employed,7076707
1977,10,NYS Employed,7095195
1977,11,NYS Employed,7113136
1977,12,NYS Employed,7128771
1978,1,NYS Employed,7143545
1978,2,NYS Employed,7158808
1978,3,NYS Employed,7174491
1978,4,NYS Employed,7189887
1978,5,NYS Employed,7205741
1978,6,NYS Employed,7223321
1978,7,NYS Employed,7242277
1978,8,NYS Employed,7262302
1978,9,NYS Employed,7284730
1978,10,NYS Employed,7310842
1978,11,NYS Employed,7338896
1978,12,NYS Employed,7363972
1979,1,NYS Employed,7381316
1979,2,NYS Employed,7391227
1979,3,NYS Employed,7396959
1979,4,NYS Employed,7401466
1979,5,NYS Employed,7407580
1979,6,NYS Employed,7415310
1979,7,NYS Employed,7425317
1979,8,NYS Employed,7437082
1979,9,NYS Employed,7448242
1979,10,NYS Employed,7456960
1979,11,NYS Employed,7461673
1979,12,NYS Employed,7460829
1980,1,NYS Employed,7452203
1980,2,NYS Employed,7434606
1980,3,NYS Employed,7409844
1980,4,NYS Employed,7382931
1980,5,NYS Employed,7359185
1980,6,NYS Employed,7344270
1980,7,NYS Employed,7339732
1980,8,NYS Employed,7343684
1980,9,NYS Employed,7352626
1980,10,NYS Employed,7362102
1980,11,NYS Employed,7372157
1980,12,NYS Employed,7386605
1981,1,NYS Employed,7405176
1981,2,NYS Employed,7424294
1981,3,NYS Employed,7441190
1981,4,NYS Employed,7451699
1981,5,NYS Employed,7452784
1981,6,NYS Employed,7445355
1981,7,NYS Employed,7431197
1981,8,NYS Employed,7413239
1981,9,NYS Employed,7395151
1981,10,NYS Employed,7379824
1981,11,NYS Employed,7365850
1981,12,NYS Employed,7352769
1982,1,NYS Employed,7343565
1982,2,NYS Employed,7339090
1982,3,NYS Employed,7336760
1982,4,NYS Employed,7334993
1982,5,NYS Employed,7331849
1982,6,NYS Employed,7324164
1982,7,NYS Employed,7311302
1982,8,NYS Employed,7294904
1982,9,NYS Employed,7277046
1982,10,NYS Employed,7260021
1982,11,NYS Employed,7247062
1982,12,NYS Employed,7238089
1983,1,NYS Employed,7232729
1983,2,NYS Employed,7234185
1983,3,NYS Employed,7244713
1983,4,NYS Employed,7265240
1983,5,NYS Employed,7293924
1983,6,NYS Employed,7327161
1983,7,NYS Employed,7361277
1983,8,NYS Employed,7390869
1983,9,NYS Employed,7412353
1983,10,NYS Employed,7425886
1983,11,NYS Employed,7433476
1983,12,NYS Employed,7439623
1984,1,NYS Employed,7449882
1984,2,NYS Employed,7466024
1984,3,NYS Employed,7486063
1984,4,NYS Employed,7505941
1984,5,NYS Employed,7522726
1984,6,NYS Employed,7534320
1984,7,NYS Employed,7540016
1984,8,NYS Employed,7542633
1984,9,NYS Employed,7545795
1984,10,NYS Employed,7553219
1984,11,NYS Employed,7567724
1984,12,NYS Employed,7588255
1985,1,NYS Employed,7608817
1985,2,NYS Employed,7623263
1985,3,NYS Employed,7629801
1985,4,NYS Employed,7695257
1985,5,NYS Employed,7726502
1985,6,NYS Employed,7745005
1985,7,NYS Employed,7761951
1985,8,NYS Employed,7783043
1985,9,NYS Employed,7808417
1985,10,NYS Employed,7833604
1985,11,NYS Employed,7853542
1985,12,NYS Employed,7865100
1986,1,NYS Employed,7869249
1986,2,NYS Employed,7870640
1986,3,NYS Employed,7873009
1986,4,NYS Employed,7878431
1986,5,NYS Employed,7887486
1986,6,NYS Employed,7899992
1986,7,NYS Employed,7914993
1986,8,NYS Employed,7929866
1986,9,NYS Employed,7942965
1986,10,NYS Employed,7954497
1986,11,NYS Employed,7964163
1986,12,NYS Employed,7974393
1987,1,NYS Employed,7986560
1987,2,NYS Employed,7999842
1987,3,NYS Employed,8014696
1987,4,NYS Employed,8031202
1987,5,NYS Employed,8048381
1987,6,NYS Employed,8064923
1987,7,NYS Employed,8080162
1987,8,NYS Employed,8094174
1987,9,NYS Employed,8107825
1987,10,NYS Employed,8120516
1987,11,NYS Employed,8132516
1987,12,NYS Employed,8142148
1988,1,NYS Employed,8148513
1988,2,NYS Employed,8152981
1988,3,NYS Employed,8156087
1988,4,NYS Employed,8158999
1988,5,NYS Employed,8163322
1988,6,NYS Employed,8170127
1988,7,NYS Employed,8179165
1988,8,NYS Employed,8189447
1988,9,NYS Employed,8199978
1988,10,NYS Employed,8210585
1988,11,NYS Employed,8220962
1988,12,NYS Employed,8230468
1989,1,NYS Employed,8239246
1989,2,NYS Employed,8246117
1989,3,NYS Employed,8251902
1989,4,NYS Employed,8256538
1989,5,NYS Employed,8259412
1989,6,NYS Employed,8260707
1989,7,NYS Employed,8261118
1989,8,NYS Employed,8262776
1989,9,NYS Employed,8268108
1989,10,NYS Employed,8279526
1989,11,NYS Employed,8296356
1989,12,NYS Employed,8316742
1990,1,NYS Employed,8338055
1990,2,NYS Employed,8357217
1990,3,NYS Employed,8370923
1990,4,NYS Employed,8377690
1990,5,NYS Employed,8378472
1990,6,NYS Employed,8373371
1990,7,NYS Employed,8364181
1990,8,NYS Employed,8351164
1990,9,NYS Employed,8332587
1990,10,NYS Employed,8307610
1990,11,NYS Employed,8278987
1990,12,NYS Employed,8249326
1991,1,NYS Employed,8219779
1991,2,NYS Employed,8192963
1991,3,NYS Employed,8169223
1991,4,NYS Employed,8148418
1991,5,NYS Employed,8130636
1991,6,NYS Employed,8115530
1991,7,NYS Employed,8100769
1991,8,NYS Employed,8084980
1991,9,NYS Employed,8068393
1991,10,NYS Employed,8050294
1991,11,NYS Employed,8031299
1991,12,NYS Employed,8013353
1992,1,NYS Employed,7999171
1992,2,NYS Employed,7990052
1992,3,NYS Employed,7987568
1992,4,NYS Employed,7990891
1992,5,NYS Employed,7995743
1992,6,NYS Employed,7999215
1992,7,NYS Employed,8001004
1992,8,NYS Employed,8001319
1992,9,NYS Employed,8000418
1992,10,NYS Employed,8000168
1992,11,NYS Employed,8000282
1992,12,NYS Employed,8000812
1993,1,NYS Employed,8003049
1993,2,NYS Employed,8007237
1993,3,NYS Employed,8013517
1993,4,NYS Employed,8021349
1993,5,NYS Employed,8029031
1993,6,NYS Employed,8034630
1993,7,NYS Employed,8036330
1993,8,NYS Employed,8035066
1993,9,NYS Employed,8034395
1993,10,NYS Employed,8035928
1993,11,NYS Employed,8039549
1993,12,NYS Employed,8045541
1994,1,NYS Employed,8052421
1994,2,NYS Employed,8057256
1994,3,NYS Employed,8057843
1994,4,NYS Employed,8054927
1994,5,NYS Employed,8052095
1994,6,NYS Employed,8052845
1994,7,NYS Employed,8059480
1994,8,NYS Employed,8071359
1994,9,NYS Employed,8086242
1994,10,NYS Employed,8102511
1994,11,NYS Employed,8118839
1994,12,NYS Employed,8130782
1995,1,NYS Employed,8134523
1995,2,NYS Employed,8131282
1995,3,NYS Employed,8123523
1995,4,NYS Employed,8113625
1995,5,NYS Employed,8105053
1995,6,NYS Employed,8100273
1995,7,NYS Employed,8099536
1995,8,NYS Employed,8101908
1995,9,NYS Employed,8106073
1995,10,NYS Employed,8110815
1995,11,NYS Employed,8115847
1995,12,NYS Employed,8122020
1996,1,NYS Employed,8131307
1996,2,NYS Employed,8144391
1996,3,NYS Employed,8161184
1996,4,NYS Employed,8181321
1996,5,NYS Employed,8204109
1996,6,NYS Employed,8228714
1996,7,NYS Employed,8254302
1996,8,NYS Employed,8278693
1996,9,NYS Employed,8297868
1996,10,NYS Employed,8310147
1996,11,NYS Employed,8317522
1996,12,NYS Employed,8324338
1997,1,NYS Employed,8333905
1997,2,NYS Employed,8348269
1997,3,NYS Employed,8368885
1997,4,NYS Employed,8394265
1997,5,NYS Employed,8419436
1997,6,NYS Employed,8440764
1997,7,NYS Employed,8457735
1997,8,NYS Employed,8470816
1997,9,NYS Employed,8481537
1997,10,NYS Employed,8490506
1997,11,NYS Employed,8497555
1997,12,NYS Employed,8503839
1998,1,NYS Employed,8510512
1998,2,NYS Employed,8518256
1998,3,NYS Employed,8526423
1998,4,NYS Employed,8535778
1998,5,NYS Employed,8547055
1998,6,NYS Employed,8558956
1998,7,NYS Employed,8569737
1998,8,NYS Employed,8580366
1998,9,NYS Employed,8591786
1998,10,NYS Employed,8603458
1998,11,NYS Employed,8613449
1998,12,NYS Employed,8620015
1999,1,NYS Employed,8623485
1999,2,NYS Employed,8625245
1999,3,NYS Employed,8627336
1999,4,NYS Employed,8630814
1999,5,NYS Employed,8636073
1999,6,NYS Employed,8643942
1999,7,NYS Employed,8653680
1999,8,NYS Employed,8663902
1999,9,NYS Employed,8674050
1999,10,NYS Employed,8684233
1999,11,NYS Employed,8695676
1999,12,NYS Employed,8707653
2000,1,NYS Employed,8718077
2000,2,NYS Employed,8724877
2000,3,NYS Employed,8726607
2000,4,NYS Employed,8723092
2000,5,NYS Employed,8716038
2000,6,NYS Employed,8707347
2000,7,NYS Employed,8700292
2000,8,NYS Employed,8699324
2000,9,NYS Employed,8706475
2000,10,NYS Employed,8721464
2000,11,NYS Employed,8740180
2000,12,NYS Employed,8756838
2001,1,NYS Employed,8766694
2001,2,NYS Employed,8767790
2001,3,NYS Employed,8760193
2001,4,NYS Employed,8745968
2001,5,NYS Employed,8729233
2001,6,NYS Employed,8712890
2001,7,NYS Employed,8699049
2001,8,NYS Employed,8685756
2001,9,NYS Employed,8672427
2001,10,NYS Employed,8660555
2001,11,NYS Employed,8651335
2001,12,NYS Employed,8647591
2002,1,NYS Employed,8650499
2002,2,NYS Employed,8658481
2002,3,NYS Employed,8669535
2002,4,NYS Employed,8683503
2002,5,NYS Employed,8699645
2002,6,NYS Employed,8716472
2002,7,NYS Employed,8730281
2002,8,NYS Employed,8739159
2002,9,NYS Employed,8742256
2002,10,NYS Employed,8738599
2002,11,NYS Employed,8730762
2002,12,NYS Employed,8720863
2003,1,NYS Employed,8711662
2003,2,NYS Employed,8705298
2003,3,NYS Employed,8700335
2003,4,NYS Employed,8692684
2003,5,NYS Employed,8679734
2003,6,NYS Employed,8664420
2003,7,NYS Employed,8651128
2003,8,NYS Employed,8642814
2003,9,NYS Employed,8641565
2003,10,NYS Employed,8647113
2003,11,NYS Employed,8656815
2003,12,NYS Employed,8667235
2004,1,NYS Employed,8675101
2004,2,NYS Employed,8680024
2004,3,NYS Employed,8718791
2004,4,NYS Employed,8753347
2004,5,NYS Employed,8785278
2004,6,NYS Employed,8814864
2004,7,NYS Employed,8841888
2004,8,NYS Employed,8865420
2004,9,NYS Employed,8883320
2004,10,NYS Employed,8894802
2004,11,NYS Employed,8901578
2004,12,NYS Employed,8907475
2005,1,NYS Employed,8915505
2005,2,NYS Employed,8925944
2005,3,NYS Employed,8939247
2005,4,NYS Employed,8956211
2005,5,NYS Employed,8976408
2005,6,NYS Employed,8995850
2005,7,NYS Employed,9010415
2005,8,NYS Employed,9019218
2005,9,NYS Employed,9023777
2005,10,NYS Employed,9027025
2005,11,NYS Employed,9030508
2005,12,NYS Employed,9034673
2006,1,NYS Employed,9041288
2006,2,NYS Employed,9050364
2006,3,NYS Employed,9059283
2006,4,NYS Employed,9065340
2006,5,NYS Employed,9068445
2006,6,NYS Employed,9069599
2006,7,NYS Employed,9072177
2006,8,NYS Employed,9077822
2006,9,NYS Employed,9086018
2006,10,NYS Employed,9096735
2006,11,NYS Employed,9107686
2006,12,NYS Employed,9114514
2007,1,NYS Employed,9114266
2007,2,NYS Employed,9107919
2007,3,NYS Employed,9097197
2007,4,NYS Employed,9085144
2007,5,NYS Employed,9074455
2007,6,NYS Employed,9067526
2007,7,NYS Employed,9065612
2007,8,NYS Employed,9069298
2007,9,NYS Employed,9078967
2007,10,NYS Employed,9091815
2007,11,NYS Employed,9106286
2007,12,NYS Employed,9121473
2008,1,NYS Employed,9134103
2008,2,NYS Employed,9142919
2008,3,NYS Employed,9148598
2008,4,NYS Employed,9151583
2008,5,NYS Employed,9153029
2008,6,NYS Employed,9154693
2008,7,NYS Employed,9156275
2008,8,NYS Employed,9155607
2008,9,NYS Employed,9148655
2008,10,NYS Employed,9131699
2008,11,NYS Employed,9102543
2008,12,NYS Employed,9062274
2009,1,NYS Employed,9014776
2009,2,NYS Employed,8966570
2009,3,NYS Employed,8926228
2009,4,NYS Employed,8897835
2009,5,NYS Employed,8877362
2009,6,NYS Employed,8859328
2009,7,NYS Employed,8838266
2009,8,NYS Employed,8811462
2009,9,NYS Employed,8781638
2009,10,NYS Employed,8753163
2009,11,NYS Employed,8733084
2009,12,NYS Employed,8727519
2010,1,NYS Employed,8737735
2010,2,NYS Employed,8757142
2010,3,NYS Employed,8776986
2010,4,NYS Employed,8792421
2010,5,NYS Employed,8801543
2010,6,NYS Employed,8801658
2010,7,NYS Employed,8792951
2010,8,NYS Employed,8779428
2010,9,NYS Employed,8764345
2010,10,NYS Employed,8752287
2010,11,NYS Employed,8744834
2010,12,NYS Employed,8740995
2011,1,NYS Employed,8739920
2011,2,NYS Employed,8738380
2011,3,NYS Employed,8733288
2011,4,NYS Employed,8723458
2011,5,NYS Employed,8711503
2011,6,NYS Employed,8702587
2011,7,NYS Employed,8701473
2011,8,NYS Employed,8708594
2011,9,NYS Employed,8721554
2011,10,NYS Employed,8736516
2011,11,NYS Employed,8748504
2011,12,NYS Employed,8754959
2012,1,NYS Employed,8757122
2012,2,NYS Employed,8758084
2012,3,NYS Employed,8757816
2012,4,NYS Employed,8756373
2012,5,NYS Employed,8757979
2012,6,NYS Employed,8765976
2012,7,NYS Employed,8780838
2012,8,NYS Employed,8801370
2012,9,NYS Employed,8824815
2012,10,NYS Employed,8845696
2012,11,NYS Employed,8860603
2012,12,NYS Employed,8868947
2013,1,NYS Employed,8869350
2013,2,NYS Employed,8872227
2013,3,NYS Employed,8880955
2013,4,NYS Employed,8897969
2013,5,NYS Employed,8917413
2013,6,NYS Employed,8932756
2013,7,NYS Employed,8941331
2013,8,NYS Employed,8942726
2013,9,NYS Employed,8938974
2013,10,NYS Employed,8934550
2013,11,NYS Employed,8933068
2013,12,NYS Employed,8934768
2014,1,NYS Employed,8891979
2014,2,NYS Employed,8896686
2014,3,NYS Employed,8900374
2014,4,NYS Employed,8901572
2014,5,NYS Employed,8903144
2014,6,NYS Employed,8909035
2014,7,NYS Employed,8918415
2014,8,NYS Employed,8931022
2014,9,NYS Employed,8946039
2014,10,NYS Employed,8961204
2014,11,NYS Employed,8974604
2014,12,NYS Employed,8987189
2015,1,NYS Employed,8997585
2015,2,NYS Employed,9010168
2015,3,NYS Employed,9023616
2015,4,NYS Employed,9037463
2015,5,NYS Employed,9049193
2015,6,NYS Employed,9056618
2015,7,NYS Employed,9061246
2015,8,NYS Employed,9065479
2015,9,NYS Employed,9072213
2015,10,NYS Employed,9084409
2015,11,NYS Employed,9100847
2015,12,NYS Employed,9116556
2016,1,NYS Employed,9126494
2016,2,NYS Employed,9127609
2016,3,NYS Employed,9119809
2016,4,NYS Employed,9106300
2016,5,NYS Employed,9091949
2016,6,NYS Employed,9080187
2016,7,NYS Employed,9072562
2016,8,NYS Employed,9068476
2016,9,NYS Employed,9066158
2016,10,NYS Employed,9064636
2016,11,NYS Employed,9065980
2016,12,NYS Employed,9071509
2017,1,NYS Employed,9080374
2017,2,NYS Employed,9091221
2017,3,NYS Employed,9100810
2017,4,NYS Employed,9108274
2017,5,NYS Employed,9113926
2017,6,NYS Employed,9117029
2017,7,NYS Employed,9117049
2017,8,NYS Employed,9113232
2017,9,NYS Employed,9105971
2017,10,NYS Employed,9096611
2017,11,NYS Employed,9085925
2017,12,NYS Employed,9077369
2018,1,NYS Employed,9074847
2018,2,NYS Employed,9080635
2018,3,NYS Employed,9093681
2018,4,NYS Employed,9108362
2018,5,NYS Employed,9119951
2018,6,NYS Employed,9128479
2018,7,NYS Employed,9135281
2018,8,NYS Employed,9142250
2018,9,NYS Employed,9150233
2018,10,NYS Employed,9158403
2018,11,NYS Employed,9165087
2018,12,NYS Employed,9167089
2019,1,NYS Employed,9161783
2019,2,NYS Employed,9148538
2019,3,NYS Employed,9130757
2019,4,NYS Employed,9115005
2019,5,NYS Employed,9106058
2019,6,NYS Employed,9105741
2019,7,NYS Employed,9115194
2019,8,NYS Employed,9129585
2019,9,NYS Employed,9145414
2019,10,NYS Employed,9156652
2019,11,NYS Employed,9157857
2019,12,NYS Employed,9156258
2020,1,NYS Employed,9178410
2020,2,NYS Employed,9197589
2020,3,NYS Employed,9022695
2020,4,NYS Employed,7691738
2020,5,NYS Employed,7770529
2020,6,NYS Employed,7911749
2020,7,NYS Employed,8054373
2020,8,NYS Employed,8310258
2020,9,NYS Employed,8249391
1976,1,NYS Unemployed,790611
1976,2,NYS Unemployed,789362
1976,3,NYS Unemployed,786483
1976,4,NYS Unemployed,783061
1976,5,NYS Unemployed,782348
1976,6,NYS Unemployed,783847
1976,7,NYS Unemployed,786646
1976,8,NYS Unemployed,789257
1976,9,NYS Unemployed,789321
1976,10,NYS Unemployed,786684
1976,11,NYS Unemployed,781642
1976,12,NYS Unemployed,775532
1977,1,NYS Unemployed,769942
1977,2,NYS Unemployed,762185
1977,3,NYS Unemployed,750264
1977,4,NYS Unemployed,735083
1977,5,NYS Unemployed,718851
1977,6,NYS Unemployed,704316
1977,7,NYS Unemployed,692711
1977,8,NYS Unemployed,684157
1977,9,NYS Unemployed,677361
1977,10,NYS Unemployed,670426
1977,11,NYS Unemployed,662505
1977,12,NYS Unemployed,653810
1978,1,NYS Unemployed,643775
1978,2,NYS Unemployed,633784
1978,3,NYS Unemployed,625374
1978,4,NYS Unemployed,618808
1978,5,NYS Unemployed,613993
1978,6,NYS Unemployed,609506
1978,7,NYS Unemployed,604936
1978,8,NYS Unemployed,600640
1978,9,NYS Unemployed,596020
1978,10,NYS Unemployed,591056
1978,11,NYS Unemployed,585887
1978,12,NYS Unemployed,580294
1979,1,NYS Unemployed,574368
1979,2,NYS Unemployed,568536
1979,3,NYS Unemployed,563642
1979,4,NYS Unemployed,561292
1979,5,NYS Unemployed,562455
1979,6,NYS Unemployed,567349
1979,7,NYS Unemployed,573930
1979,8,NYS Unemployed,580373
1979,9,NYS Unemployed,585771
1979,10,NYS Unemployed,587507
1979,11,NYS Unemployed,584413
1979,12,NYS Unemployed,579465
1980,1,NYS Unemployed,576499
1980,2,NYS Unemployed,577852
1980,3,NYS Unemployed,583844
1980,4,NYS Unemployed,592120
1980,5,NYS Unemployed,600199
1980,6,NYS Unemployed,606271
1980,7,NYS Unemployed,608759
1980,8,NYS Unemployed,606828
1980,9,NYS Unemployed,602714
1980,10,NYS Unemployed,601035
1980,11,NYS Unemployed,603682
1980,12,NYS Unemployed,609080
1981,1,NYS Unemployed,615825
1981,2,NYS Unemployed,621955
1981,3,NYS Unemployed,624348
1981,4,NYS Unemployed,621329
1981,5,NYS Unemployed,613085
1981,6,NYS Unemployed,601814
1981,7,NYS Unemployed,592343
1981,8,NYS Unemployed,588716
1981,9,NYS Unemployed,591100
1981,10,NYS Unemployed,598326
1981,11,NYS Unemployed,609294
1981,12,NYS Unemployed,622002
1982,1,NYS Unemployed,633066
1982,2,NYS Unemployed,641332
1982,3,NYS Unemployed,647368
1982,4,NYS Unemployed,652017
1982,5,NYS Unemployed,656267
1982,6,NYS Unemployed,661621
1982,7,NYS Unemployed,669566
1982,8,NYS Unemployed,680701
1982,9,NYS Unemployed,695269
1982,10,NYS Unemployed,711753
1982,11,NYS Unemployed,726816
1982,12,NYS Unemployed,737183
1983,1,NYS Unemployed,742350
1983,2,NYS Unemployed,742326
1983,3,NYS Unemployed,738197
1983,4,NYS Unemployed,732521
1983,5,NYS Unemployed,725908
1983,6,NYS Unemployed,717212
1983,7,NYS Unemployed,705181
1983,8,NYS Unemployed,689904
1983,9,NYS Unemployed,672149
1983,10,NYS Unemployed,652896
1983,11,NYS Unemployed,634250
1983,12,NYS Unemployed,617962
1984,1,NYS Unemployed,603336
1984,2,NYS Unemployed,590613
1984,3,NYS Unemployed,582162
1984,4,NYS Unemployed,578447
1984,5,NYS Unemployed,579626
1984,6,NYS Unemployed,583806
1984,7,NYS Unemployed,587059
1984,8,NYS Unemployed,587137
1984,9,NYS Unemployed,583267
1984,10,NYS Unemployed,575605
1984,11,NYS Unemployed,566036
1984,12,NYS Unemployed,557681
1985,1,NYS Unemployed,553581
1985,2,NYS Unemployed,553768
1985,3,NYS Unemployed,554759
1985,4,NYS Unemployed,554098
1985,5,NYS Unemployed,551662
1985,6,NYS Unemployed,548354
1985,7,NYS Unemployed,545767
1985,8,NYS Unemployed,542862
1985,9,NYS Unemployed,539579
1985,10,NYS Unemployed,538032
1985,11,NYS Unemployed,539042
1985,12,NYS Unemployed,542713
1986,1,NYS Unemployed,548446
1986,2,NYS Unemployed,554769
1986,3,NYS Unemployed,559681
1986,4,NYS Unemployed,561009
1986,5,NYS Unemployed,556574
1986,6,NYS Unemployed,546317
1986,7,NYS Unemployed,531814
1986,8,NYS Unemployed,516144
1986,9,NYS Unemployed,501685
1986,10,NYS Unemployed,488749
1986,11,NYS Unemployed,477406
1986,12,NYS Unemployed,466490
1987,1,NYS Unemployed,455211
1987,2,NYS Unemployed,443661
1987,3,NYS Unemployed,432499
1987,4,NYS Unemployed,422018
1987,5,NYS Unemployed,412768
1987,6,NYS Unemployed,406269
1987,7,NYS Unemployed,403333
1987,8,NYS Unemployed,403113
1987,9,NYS Unemployed,402769
1987,10,NYS Unemployed,400079
1987,11,NYS Unemployed,393187
1987,12,NYS Unemployed,382185
1988,1,NYS Unemployed,368166
1988,2,NYS Unemployed,353619
1988,3,NYS Unemployed,342558
1988,4,NYS Unemployed,338369
1988,5,NYS Unemployed,341795
1988,6,NYS Unemployed,350407
1988,7,NYS Unemployed,361175
1988,8,NYS Unemployed,372392
1988,9,NYS Unemployed,383175
1988,10,NYS Unemployed,391440
1988,11,NYS Unemployed,396906
1988,12,NYS Unemployed,400963
1989,1,NYS Unemployed,405078
1989,2,NYS Unemployed,410428
1989,3,NYS Unemployed,416060
1989,4,NYS Unemployed,421061
1989,5,NYS Unemployed,425424
1989,6,NYS Unemployed,430101
1989,7,NYS Unemployed,435797
1989,8,NYS Unemployed,441661
1989,9,NYS Unemployed,447054
1989,10,NYS Unemployed,452085
1989,11,NYS Unemployed,456195
1989,12,NYS Unemployed,458438
1990,1,NYS Unemployed,458099
1990,2,NYS Unemployed,454950
1990,3,NYS Unemployed,450609
1990,4,NYS Unemployed,447218
1990,5,NYS Unemployed,446609
1990,6,NYS Unemployed,449698
1990,7,NYS Unemployed,456573
1990,8,NYS Unemployed,467208
1990,9,NYS Unemployed,480718
1990,10,NYS Unemployed,496694
1990,11,NYS Unemployed,514757
1990,12,NYS Unemployed,534995
1991,1,NYS Unemployed,558150
1991,2,NYS Unemployed,582977
1991,3,NYS Unemployed,606316
1991,4,NYS Unemployed,625023
1991,5,NYS Unemployed,636980
1991,6,NYS Unemployed,642023
1991,7,NYS Unemployed,642558
1991,8,NYS Unemployed,642836
1991,9,NYS Unemployed,647287
1991,10,NYS Unemployed,658288
1991,11,NYS Unemployed,674642
1991,12,NYS Unemployed,692784
1992,1,NYS Unemployed,709755
1992,2,NYS Unemployed,724860
1992,3,NYS Unemployed,737797
1992,4,NYS Unemployed,749156
1992,5,NYS Unemployed,759151
1992,6,NYS Unemployed,767265
1992,7,NYS Unemployed,772814
1992,8,NYS Unemployed,774699
1992,9,NYS Unemployed,772529
1992,10,NYS Unemployed,766206
1992,11,NYS Unemployed,756530
1992,12,NYS Unemployed,744474
1993,1,NYS Unemployed,730634
1993,2,NYS Unemployed,715915
1993,3,NYS Unemployed,702127
1993,4,NYS Unemployed,690305
1993,5,NYS Unemployed,682093
1993,6,NYS Unemployed,678707
1993,7,NYS Unemployed,678728
1993,8,NYS Unemployed,679974
1993,9,NYS Unemployed,680492
1993,10,NYS Unemployed,679743
1993,11,NYS Unemployed,678471
1993,12,NYS Unemployed,675660
1994,1,NYS Unemployed,669424
1994,2,NYS Unemployed,659281
1994,3,NYS Unemployed,646701
1994,4,NYS Unemployed,633089
1994,5,NYS Unemployed,619451
1994,6,NYS Unemployed,606579
1994,7,NYS Unemployed,594766
1994,8,NYS Unemployed,583620
1994,9,NYS Unemployed,572470
1994,10,NYS Unemployed,560305
1994,11,NYS Unemployed,548012
1994,12,NYS Unemployed,538623
1995,1,NYS Unemployed,534265
1995,2,NYS Unemployed,534323
1995,3,NYS Unemployed,537561
1995,4,NYS Unemployed,543003
1995,5,NYS Unemployed,549101
1995,6,NYS Unemployed,553796
1995,7,NYS Unemployed,556676
1995,8,NYS Unemployed,557757
1995,9,NYS Unemployed,556573
1995,10,NYS Unemployed,553614
1995,11,NYS Unemployed,549373
1995,12,NYS Unemployed,545809
1996,1,NYS Unemployed,544981
1996,2,NYS Unemployed,547647
1996,3,NYS Unemployed,552182
1996,4,NYS Unemployed,555355
1996,5,NYS Unemployed,554771
1996,6,NYS Unemployed,550383
1996,7,NYS Unemployed,543878
1996,8,NYS Unemployed,538631
1996,9,NYS Unemployed,538289
1996,10,NYS Unemployed,544273
1996,11,NYS Unemployed,555037
1996,12,NYS Unemployed,567062
1997,1,NYS Unemployed,577754
1997,2,NYS Unemployed,585694
1997,3,NYS Unemployed,589974
1997,4,NYS Unemployed,592012
1997,5,NYS Unemployed,592920
1997,6,NYS Unemployed,592303
1997,7,NYS Unemployed,589167
1997,8,NYS Unemployed,583333
1997,9,NYS Unemployed,575093
1997,10,NYS Unemployed,566326
1997,11,NYS Unemployed,558260
1997,12,NYS Unemployed,550961
1998,1,NYS Unemployed,543544
1998,2,NYS Unemployed,535304
1998,3,NYS Unemployed,526187
1998,4,NYS Unemployed,516226
1998,5,NYS Unemployed,506889
1998,6,NYS Unemployed,500248
1998,7,NYS Unemployed,497284
1998,8,NYS Unemployed,496709
1998,9,NYS Unemployed,497075
1998,10,NYS Unemployed,496288
1998,11,NYS Unemployed,493664
1998,12,NYS Unemployed,489702
1999,1,NYS Unemployed,484896
1999,2,NYS Unemployed,481053
1999,3,NYS Unemployed,479230
1999,4,NYS Unemployed,479636
1999,5,NYS Unemployed,481333
1999,6,NYS Unemployed,482671
1999,7,NYS Unemployed,481893
1999,8,NYS Unemployed,477640
1999,9,NYS Unemployed,469468
1999,10,NYS Unemployed,458662
1999,11,NYS Unemployed,447289
1999,12,NYS Unemployed,437489
2000,1,NYS Unemployed,430695
2000,2,NYS Unemployed,426056
2000,3,NYS Unemployed,423342
2000,4,NYS Unemployed,422053
2000,5,NYS Unemployed,420800
2000,6,NYS Unemployed,419198
2000,7,NYS Unemployed,417081
2000,8,NYS Unemployed,414092
2000,9,NYS Unemployed,409617
2000,10,NYS Unemployed,403219
2000,11,NYS Unemployed,395648
2000,12,NYS Unemployed,388287
2001,1,NYS Unemployed,382709
2001,2,NYS Unemployed,380221
2001,3,NYS Unemployed,381359
2001,4,NYS Unemployed,386795
2001,5,NYS Unemployed,397384
2001,6,NYS Unemployed,412986
2001,7,NYS Unemployed,433046
2001,8,NYS Unemployed,456788
2001,9,NYS Unemployed,482499
2001,10,NYS Unemployed,507927
2001,11,NYS Unemployed,530945
2001,12,NYS Unemployed,550088
2002,1,NYS Unemployed,564548
2002,2,NYS Unemployed,574293
2002,3,NYS Unemployed,579584
2002,4,NYS Unemployed,580100
2002,5,NYS Unemployed,576307
2002,6,NYS Unemployed,569578
2002,7,NYS Unemployed,562655
2002,8,NYS Unemployed,558550
2002,9,NYS Unemployed,559391
2002,10,NYS Unemployed,564520
2002,11,NYS Unemployed,571497
2002,12,NYS Unemployed,577649
2003,1,NYS Unemployed,582192
2003,2,NYS Unemployed,585056
2003,3,NYS Unemployed,586498
2003,4,NYS Unemployed,587982
2003,5,NYS Unemployed,590824
2003,6,NYS Unemployed,594918
2003,7,NYS Unemployed,598006
2003,8,NYS Unemployed,598725
2003,9,NYS Unemployed,596662
2003,10,NYS Unemployed,593911
2003,11,NYS Unemployed,592487
2003,12,NYS Unemployed,591687
2004,1,NYS Unemployed,590068
2004,2,NYS Unemployed,586703
2004,3,NYS Unemployed,581481
2004,4,NYS Unemployed,573451
2004,5,NYS Unemployed,562461
2004,6,NYS Unemployed,549001
2004,7,NYS Unemployed,535354
2004,8,NYS Unemployed,523016
2004,9,NYS Unemployed,512691
2004,10,NYS Unemployed,503739
2004,11,NYS Unemployed,494716
2004,12,NYS Unemployed,486938
2005,1,NYS Unemployed,480580
2005,2,NYS Unemployed,475318
2005,3,NYS Unemployed,470592
2005,4,NYS Unemployed,467114
2005,5,NYS Unemployed,465883
2005,6,NYS Unemployed,468074
2005,7,NYS Unemployed,473580
2005,8,NYS Unemployed,479028
2005,9,NYS Unemployed,481413
2005,10,NYS Unemployed,479335
2005,11,NYS Unemployed,473901
2005,12,NYS Unemployed,466317
2006,1,NYS Unemployed,458253
2006,2,NYS Unemployed,451863
2006,3,NYS Unemployed,448863
2006,4,NYS Unemployed,448641
2006,5,NYS Unemployed,447716
2006,6,NYS Unemployed,443650
2006,7,NYS Unemployed,435358
2006,8,NYS Unemployed,425545
2006,9,NYS Unemployed,417129
2006,10,NYS Unemployed,410395
2006,11,NYS Unemployed,405552
2006,12,NYS Unemployed,402857
2007,1,NYS Unemployed,402751
2007,2,NYS Unemployed,405424
2007,3,NYS Unemployed,410132
2007,4,NYS Unemployed,416373
2007,5,NYS Unemployed,424086
2007,6,NYS Unemployed,432029
2007,7,NYS Unemployed,439164
2007,8,NYS Unemployed,445364
2007,9,NYS Unemployed,449979
2007,10,NYS Unemployed,454020
2007,11,NYS Unemployed,457500
2007,12,NYS Unemployed,460518
2008,1,NYS Unemployed,463939
2008,2,NYS Unemployed,467481
2008,3,NYS Unemployed,471944
2008,4,NYS Unemployed,478939
2008,5,NYS Unemployed,489253
2008,6,NYS Unemployed,502642
2008,7,NYS Unemployed,518309
2008,8,NYS Unemployed,535597
2008,9,NYS Unemployed,556051
2008,10,NYS Unemployed,581985
2008,11,NYS Unemployed,613988
2008,12,NYS Unemployed,650498
2009,1,NYS Unemployed,688768
2009,2,NYS Unemployed,726009
2009,3,NYS Unemployed,758340
2009,4,NYS Unemployed,783104
2009,5,NYS Unemployed,801290
2009,6,NYS Unemployed,815046
2009,7,NYS Unemployed,826131
2009,8,NYS Unemployed,835346
2009,9,NYS Unemployed,842409
2009,10,NYS Unemployed,846654
2009,11,NYS Unemployed,849255
2009,12,NYS Unemployed,851204
2010,1,NYS Unemployed,851309
2010,2,NYS Unemployed,848806
2010,3,NYS Unemployed,844241
2010,4,NYS Unemployed,838058
2010,5,NYS Unemployed,829986
2010,6,NYS Unemployed,821914
2010,7,NYS Unemployed,816403
2010,8,NYS Unemployed,813904
2010,9,NYS Unemployed,813242
2010,10,NYS Unemployed,811604
2010,11,NYS Unemployed,806597
2010,12,NYS Unemployed,798103
2011,1,NYS Unemployed,788394
2011,2,NYS Unemployed,779606
2011,3,NYS Unemployed,772943
2011,4,NYS Unemployed,770101
2011,5,NYS Unemployed,772132
2011,6,NYS Unemployed,777640
2011,7,NYS Unemployed,784692
2011,8,NYS Unemployed,792351
2011,9,NYS Unemployed,799782
2011,10,NYS Unemployed,807195
2011,11,NYS Unemployed,814006
2011,12,NYS Unemployed,819485
2012,1,NYS Unemployed,823999
2012,2,NYS Unemployed,828528
2012,3,NYS Unemployed,833841
2012,4,NYS Unemployed,838211
2012,5,NYS Unemployed,839604
2012,6,NYS Unemployed,836290
2012,7,NYS Unemployed,827617
2012,8,NYS Unemployed,816543
2012,9,NYS Unemployed,806943
2012,10,NYS Unemployed,799859
2012,11,NYS Unemployed,794981
2012,12,NYS Unemployed,790824
2013,1,NYS Unemployed,785921
2013,2,NYS Unemployed,779278
2013,3,NYS Unemployed,770803
2013,4,NYS Unemployed,762109
2013,5,NYS Unemployed,755572
2013,6,NYS Unemployed,752426
2013,7,NYS Unemployed,750819
2013,8,NYS Unemployed,745111
2013,9,NYS Unemployed,732471
2013,10,NYS Unemployed,715986
2013,11,NYS Unemployed,698787
2013,12,NYS Unemployed,682620
2014,1,NYS Unemployed,665465
2014,2,NYS Unemployed,651822
2014,3,NYS Unemployed,640064
2014,4,NYS Unemployed,629531
2014,5,NYS Unemployed,617980
2014,6,NYS Unemployed,605282
2014,7,NYS Unemployed,593066
2014,8,NYS Unemployed,583160
2014,9,NYS Unemployed,575621
2014,10,NYS Unemployed,568154
2014,11,NYS Unemployed,560008
2014,12,NYS Unemployed,552955
2015,1,NYS Unemployed,546994
2015,2,NYS Unemployed,542781
2015,3,NYS Unemployed,537881
2015,4,NYS Unemployed,530548
2015,5,NYS Unemployed,520209
2015,6,NYS Unemployed,507137
2015,7,NYS Unemployed,493476
2015,8,NYS Unemployed,481906
2015,9,NYS Unemployed,473103
2015,10,NYS Unemployed,467914
2015,11,NYS Unemployed,466517
2015,12,NYS Unemployed,466394
2016,1,NYS Unemployed,465249
2016,2,NYS Unemployed,462833
2016,3,NYS Unemployed,459698
2016,4,NYS Unemployed,457784
2016,5,NYS Unemployed,458986
2016,6,NYS Unemployed,462896
2016,7,NYS Unemployed,467434
2016,8,NYS Unemployed,470979
2016,9,NYS Unemployed,472947
2016,10,NYS Unemployed,471631
2016,11,NYS Unemployed,465795
2016,12,NYS Unemployed,457654
2017,1,NYS Unemployed,450539
2017,2,NYS Unemployed,446003
2017,3,NYS Unemployed,445028
2017,4,NYS Unemployed,447230
2017,5,NYS Unemployed,450545
2017,6,NYS Unemployed,453630
2017,7,NYS Unemployed,455610
2017,8,NYS Unemployed,455055
2017,9,NYS Unemployed,451672
2017,10,NYS Unemployed,446594
2017,11,NYS Unemployed,441622
2017,12,NYS Unemployed,436420
2018,1,NYS Unemployed,430970
2018,2,NYS Unemployed,425453
2018,3,NYS Unemployed,418918
2018,4,NYS Unemployed,410440
2018,5,NYS Unemployed,400443
2018,6,NYS Unemployed,389742
2018,7,NYS Unemployed,379689
2018,8,NYS Unemployed,373149
2018,9,NYS Unemployed,371249
2018,10,NYS Unemployed,373327
2018,11,NYS Unemployed,377592
2018,12,NYS Unemployed,382340
2019,1,NYS Unemployed,385679
2019,2,NYS Unemployed,385974
2019,3,NYS Unemployed,383989
2019,4,NYS Unemployed,380581
2019,5,NYS Unemployed,376947
2019,6,NYS Unemployed,374451
2019,7,NYS Unemployed,373266
2019,8,NYS Unemployed,372324
2019,9,NYS Unemployed,371583
2019,10,NYS Unemployed,371247
2019,11,NYS Unemployed,371213
2019,12,NYS Unemployed,371454
2020,1,NYS Unemployed,364511
2020,2,NYS Unemployed,354066
2020,3,NYS Unemployed,388738
2020,4,NYS Unemployed,1392274
2020,5,NYS Unemployed,1318631
2020,6,NYS Unemployed,1467832
2020,7,NYS Unemployed,1525891
2020,8,NYS Unemployed,1186672
2020,9,NYS Unemployed,884650
1976,1,NYC Labor Force,3114007
1976,2,NYC Labor Force,3113272
1976,3,NYC Labor Force,3112681
1976,4,NYC Labor Force,3112243
1976,5,NYC Labor Force,3112773
1976,6,NYC Labor Force,3112378
1976,7,NYC Labor Force,3109451
1976,8,NYC Labor Force,3104484
1976,9,NYC Labor Force,3096874
1976,10,NYC Labor Force,3087989
1976,11,NYC Labor Force,3079964
1976,12,NYC Labor Force,3073767
1977,1,NYC Labor Force,3069810
1977,2,NYC Labor Force,3066271
1977,3,NYC Labor Force,3061448
1977,4,NYC Labor Force,3056417
1977,5,NYC Labor Force,3052801
1977,6,NYC Labor Force,3051600
1977,7,NYC Labor Force,3052687
1977,8,NYC Labor Force,3055388
1977,9,NYC Labor Force,3058680
1977,10,NYC Labor Force,3060824
1977,11,NYC Labor Force,3060803
1977,12,NYC Labor Force,3059231
1978,1,NYC Labor Force,3056857
1978,2,NYC Labor Force,3054123
1978,3,NYC Labor Force,3051197
1978,4,NYC Labor Force,3048018
1978,5,NYC Labor Force,3045215
1978,6,NYC Labor Force,3043478
1978,7,NYC Labor Force,3043734
1978,8,NYC Labor Force,3046195
1978,9,NYC Labor Force,3050028
1978,10,NYC Labor Force,3054495
1978,11,NYC Labor Force,3058426
1978,12,NYC Labor Force,3060361
1979,1,NYC Labor Force,3060077
1979,2,NYC Labor Force,3059087
1979,3,NYC Labor Force,3059169
1979,4,NYC Labor Force,3061328
1979,5,NYC Labor Force,3065355
1979,6,NYC Labor Force,3069817
1979,7,NYC Labor Force,3072634
1979,8,NYC Labor Force,3073139
1979,9,NYC Labor Force,3071982
1979,10,NYC Labor Force,3069271
1979,11,NYC Labor Force,3065026
1979,12,NYC Labor Force,3060424
1980,1,NYC Labor Force,3056259
1980,2,NYC Labor Force,3052565
1980,3,NYC Labor Force,3049517
1980,4,NYC Labor Force,3046786
1980,5,NYC Labor Force,3044567
1980,6,NYC Labor Force,3043918
1980,7,NYC Labor Force,3044898
1980,8,NYC Labor Force,3046756
1980,9,NYC Labor Force,3049215
1980,10,NYC Labor Force,3053282
1980,11,NYC Labor Force,3060324
1980,12,NYC Labor Force,3070582
1981,1,NYC Labor Force,3082838
1981,2,NYC Labor Force,3094830
1981,3,NYC Labor Force,3103449
1981,4,NYC Labor Force,3106476
1981,5,NYC Labor Force,3103526
1981,6,NYC Labor Force,3096319
1981,7,NYC Labor Force,3088456
1981,8,NYC Labor Force,3082778
1981,9,NYC Labor Force,3080401
1981,10,NYC Labor Force,3081234
1981,11,NYC Labor Force,3083493
1981,12,NYC Labor Force,3085469
1982,1,NYC Labor Force,3086286
1982,2,NYC Labor Force,3085805
1982,3,NYC Labor Force,3084253
1982,4,NYC Labor Force,3082125
1982,5,NYC Labor Force,3079390
1982,6,NYC Labor Force,3075919
1982,7,NYC Labor Force,3072257
1982,8,NYC Labor Force,3069434
1982,9,NYC Labor Force,3067658
1982,10,NYC Labor Force,3066072
1982,11,NYC Labor Force,3064229
1982,12,NYC Labor Force,3061030
1983,1,NYC Labor Force,3056688
1983,2,NYC Labor Force,3052684
1983,3,NYC Labor Force,3050760
1983,4,NYC Labor Force,3052696
1983,5,NYC Labor Force,3058554
1983,6,NYC Labor Force,3066393
1983,7,NYC Labor Force,3073754
1983,8,NYC Labor Force,3078748
1983,9,NYC Labor Force,3080838
1983,10,NYC Labor Force,3080447
1983,11,NYC Labor Force,3078461
1983,12,NYC Labor Force,3076441
1984,1,NYC Labor Force,3075378
1984,2,NYC Labor Force,3076372
1984,3,NYC Labor Force,3080576
1984,4,NYC Labor Force,3087383
1984,5,NYC Labor Force,3095996
1984,6,NYC Labor Force,3104674
1984,7,NYC Labor Force,3110750
1984,8,NYC Labor Force,3113083
1984,9,NYC Labor Force,3112288
1984,10,NYC Labor Force,3110060
1984,11,NYC Labor Force,3108666
1984,12,NYC Labor Force,3109876
1985,1,NYC Labor Force,3113419
1985,2,NYC Labor Force,3116769
1985,3,NYC Labor Force,3117378
1985,4,NYC Labor Force,3179616
1985,5,NYC Labor Force,3207372
1985,6,NYC Labor Force,3219300
1985,7,NYC Labor Force,3225943
1985,8,NYC Labor Force,3231480
1985,9,NYC Labor Force,3237037
1985,10,NYC Labor Force,3242986
1985,11,NYC Labor Force,3248838
1985,12,NYC Labor Force,3254082
1986,1,NYC Labor Force,3258893
1986,2,NYC Labor Force,3263570
1986,3,NYC Labor Force,3267252
1986,4,NYC Labor Force,3268847
1986,5,NYC Labor Force,3267565
1986,6,NYC Labor Force,3263549
1986,7,NYC Labor Force,3257585
1986,8,NYC Labor Force,3251393
1986,9,NYC Labor Force,3246548
1986,10,NYC Labor Force,3243355
1986,11,NYC Labor Force,3241441
1986,12,NYC Labor Force,3240113
1987,1,NYC Labor Force,3238840
1987,2,NYC Labor Force,3237638
1987,3,NYC Labor Force,3237195
1987,4,NYC Labor Force,3237379
1987,5,NYC Labor Force,3237886
1987,6,NYC Labor Force,3239288
1987,7,NYC Labor Force,3242143
1987,8,NYC Labor Force,3245897
1987,9,NYC Labor Force,3248869
1987,10,NYC Labor Force,3249888
1987,11,NYC Labor Force,3248504
1987,12,NYC Labor Force,3244750
1988,1,NYC Labor Force,3238986
1988,2,NYC Labor Force,3232433
1988,3,NYC Labor Force,3227107
1988,4,NYC Labor Force,3225273
1988,5,NYC Labor Force,3227770
1988,6,NYC Labor Force,3233698
1988,7,NYC Labor Force,3241712
1988,8,NYC Labor Force,3251244
1988,9,NYC Labor Force,3262263
1988,10,NYC Labor Force,3273567
1988,11,NYC Labor Force,3284440
1988,12,NYC Labor Force,3295050
1989,1,NYC Labor Force,3305687
1989,2,NYC Labor Force,3316161
1989,3,NYC Labor Force,3325625
1989,4,NYC Labor Force,3333163
1989,5,NYC Labor Force,3338277
1989,6,NYC Labor Force,3340862
1989,7,NYC Labor Force,3341344
1989,8,NYC Labor Force,3340525
1989,9,NYC Labor Force,3339474
1989,10,NYC Labor Force,3339831
1989,11,NYC Labor Force,3341505
1989,12,NYC Labor Force,3343411
1990,1,NYC Labor Force,3344514
1990,2,NYC Labor Force,3343728
1990,3,NYC Labor Force,3340897
1990,4,NYC Labor Force,3336929
1990,5,NYC Labor Force,3333449
1990,6,NYC Labor Force,3331258
1990,7,NYC Labor Force,3330548
1990,8,NYC Labor Force,3329935
1990,9,NYC Labor Force,3326830
1990,10,NYC Labor Force,3319867
1990,11,NYC Labor Force,3309857
1990,12,NYC Labor Force,3298888
1991,1,NYC Labor Force,3289588
1991,2,NYC Labor Force,3283753
1991,3,NYC Labor Force,3280709
1991,4,NYC Labor Force,3278686
1991,5,NYC Labor Force,3275934
1991,6,NYC Labor Force,3271942
1991,7,NYC Labor Force,3266952
1991,8,NYC Labor Force,3262579
1991,9,NYC Labor Force,3261225
1991,10,NYC Labor Force,3263354
1991,11,NYC Labor Force,3267749
1991,12,NYC Labor Force,3272516
1992,1,NYC Labor Force,3276732
1992,2,NYC Labor Force,3281199
1992,3,NYC Labor Force,3287303
1992,4,NYC Labor Force,3295522
1992,5,NYC Labor Force,3304620
1992,6,NYC Labor Force,3312465
1992,7,NYC Labor Force,3317495
1992,8,NYC Labor Force,3319227
1992,9,NYC Labor Force,3318348
1992,10,NYC Labor Force,3316271
1992,11,NYC Labor Force,3313859
1992,12,NYC Labor Force,3311212
1993,1,NYC Labor Force,3307577
1993,2,NYC Labor Force,3302311
1993,3,NYC Labor Force,3296102
1993,4,NYC Labor Force,3289995
1993,5,NYC Labor Force,3285626
1993,6,NYC Labor Force,3284481
1993,7,NYC Labor Force,3286251
1993,8,NYC Labor Force,3289763
1993,9,NYC Labor Force,3293700
1993,10,NYC Labor Force,3297195
1993,11,NYC Labor Force,3300313
1993,12,NYC Labor Force,3302729
1994,1,NYC Labor Force,3303478
1994,2,NYC Labor Force,3301461
1994,3,NYC Labor Force,3296566
1994,4,NYC Labor Force,3289710
1994,5,NYC Labor Force,3282382
1994,6,NYC Labor Force,3276042
1994,7,NYC Labor Force,3271573
1994,8,NYC Labor Force,3268708
1994,9,NYC Labor Force,3266749
1994,10,NYC Labor Force,3264983
1994,11,NYC Labor Force,3263574
1994,12,NYC Labor Force,3263314
1995,1,NYC Labor Force,3264768
1995,2,NYC Labor Force,3267960
1995,3,NYC Labor Force,3272579
1995,4,NYC Labor Force,3278244
1995,5,NYC Labor Force,3284509
1995,6,NYC Labor Force,3290491
1995,7,NYC Labor Force,3296059
1995,8,NYC Labor Force,3300994
1995,9,NYC Labor Force,3304861
1995,10,NYC Labor Force,3308001
1995,11,NYC Labor Force,3310856
1995,12,NYC Labor Force,3314788
1996,1,NYC Labor Force,3321495
1996,2,NYC Labor Force,3331507
1996,3,NYC Labor Force,3343584
1996,4,NYC Labor Force,3355419
1996,5,NYC Labor Force,3365297
1996,6,NYC Labor Force,3373240
1996,7,NYC Labor Force,3380529
1996,8,NYC Labor Force,3389415
1996,9,NYC Labor Force,3401379
1996,10,NYC Labor Force,3416324
1996,11,NYC Labor Force,3433170
1996,12,NYC Labor Force,3450046
1997,1,NYC Labor Force,3465381
1997,2,NYC Labor Force,3478671
1997,3,NYC Labor Force,3490074
1997,4,NYC Labor Force,3500572
1997,5,NYC Labor Force,3510191
1997,6,NYC Labor Force,3518027
1997,7,NYC Labor Force,3523189
1997,8,NYC Labor Force,3525531
1997,9,NYC Labor Force,3525813
1997,10,NYC Labor Force,3525878
1997,11,NYC Labor Force,3526812
1997,12,NYC Labor Force,3529046
1998,1,NYC Labor Force,3532206
1998,2,NYC Labor Force,3535470
1998,3,NYC Labor Force,3538104
1998,4,NYC Labor Force,3539923
1998,5,NYC Labor Force,3542014
1998,6,NYC Labor Force,3545961
1998,7,NYC Labor Force,3552687
1998,8,NYC Labor Force,3561743
1998,9,NYC Labor Force,3571901
1998,10,NYC Labor Force,3580734
1998,11,NYC Labor Force,3586401
1998,12,NYC Labor Force,3588326
1999,1,NYC Labor Force,3586993
1999,2,NYC Labor Force,3584876
1999,3,NYC Labor Force,3584883
1999,4,NYC Labor Force,3588561
1999,5,NYC Labor Force,3595758
1999,6,NYC Labor Force,3605148
1999,7,NYC Labor Force,3614490
1999,8,NYC Labor Force,3621784
1999,9,NYC Labor Force,3626118
1999,10,NYC Labor Force,3628263
1999,11,NYC Labor Force,3630434
1999,12,NYC Labor Force,3634623
2000,1,NYC Labor Force,3641940
2000,2,NYC Labor Force,3651027
2000,3,NYC Labor Force,3659724
2000,4,NYC Labor Force,3666184
2000,5,NYC Labor Force,3669381
2000,6,NYC Labor Force,3669535
2000,7,NYC Labor Force,3668222
2000,8,NYC Labor Force,3667548
2000,9,NYC Labor Force,3668785
2000,10,NYC Labor Force,3672391
2000,11,NYC Labor Force,3677342
2000,12,NYC Labor Force,3681585
2001,1,NYC Labor Force,3683019
2001,2,NYC Labor Force,3681254
2001,3,NYC Labor Force,3677555
2001,4,NYC Labor Force,3674484
2001,5,NYC Labor Force,3673605
2001,6,NYC Labor Force,3674555
2001,7,NYC Labor Force,3676626
2001,8,NYC Labor Force,3678332
2001,9,NYC Labor Force,3678709
2001,10,NYC Labor Force,3677822
2001,11,NYC Labor Force,3676660
2001,12,NYC Labor Force,3677406
2002,1,NYC Labor Force,3681541
2002,2,NYC Labor Force,3688351
2002,3,NYC Labor Force,3695424
2002,4,NYC Labor Force,3700304
2002,5,NYC Labor Force,3702421
2002,6,NYC Labor Force,3702936
2002,7,NYC Labor Force,3702860
2002,8,NYC Labor Force,3703809
2002,9,NYC Labor Force,3706830
2002,10,NYC Labor Force,3710678
2002,11,NYC Labor Force,3713508
2002,12,NYC Labor Force,3713350
2003,1,NYC Labor Force,3710058
2003,2,NYC Labor Force,3704618
2003,3,NYC Labor Force,3697912
2003,4,NYC Labor Force,3690846
2003,5,NYC Labor Force,3684377
2003,6,NYC Labor Force,3679485
2003,7,NYC Labor Force,3676046
2003,8,NYC Labor Force,3673596
2003,9,NYC Labor Force,3671853
2003,10,NYC Labor Force,3671302
2003,11,NYC Labor Force,3672004
2003,12,NYC Labor Force,3672608
2004,1,NYC Labor Force,3671797
2004,2,NYC Labor Force,3669670
2004,3,NYC Labor Force,3701133
2004,4,NYC Labor Force,3725867
2004,5,NYC Labor Force,3744561
2004,6,NYC Labor Force,3757555
2004,7,NYC Labor Force,3765935
2004,8,NYC Labor Force,3770649
2004,9,NYC Labor Force,3772436
2004,10,NYC Labor Force,3772213
2004,11,NYC Labor Force,3771150
2004,12,NYC Labor Force,3771635
2005,1,NYC Labor Force,3774317
2005,2,NYC Labor Force,3778184
2005,3,NYC Labor Force,3782200
2005,4,NYC Labor Force,3786809
2005,5,NYC Labor Force,3792646
2005,6,NYC Labor Force,3799775
2005,7,NYC Labor Force,3807873
2005,8,NYC Labor Force,3815157
2005,9,NYC Labor Force,3819957
2005,10,NYC Labor Force,3821523
2005,11,NYC Labor Force,3820211
2005,12,NYC Labor Force,3816905
2006,1,NYC Labor Force,3813638
2006,2,NYC Labor Force,3812280
2006,3,NYC Labor Force,3813334
2006,4,NYC Labor Force,3815638
2006,5,NYC Labor Force,3817175
2006,6,NYC Labor Force,3816848
2006,7,NYC Labor Force,3814983
2006,8,NYC Labor Force,3813815
2006,9,NYC Labor Force,3815176
2006,10,NYC Labor Force,3819345
2006,11,NYC Labor Force,3825427
2006,12,NYC Labor Force,3831621
2007,1,NYC Labor Force,3836735
2007,2,NYC Labor Force,3840869
2007,3,NYC Labor Force,3844091
2007,4,NYC Labor Force,3846903
2007,5,NYC Labor Force,3850043
2007,6,NYC Labor Force,3853741
2007,7,NYC Labor Force,3857819
2007,8,NYC Labor Force,3862498
2007,9,NYC Labor Force,3868021
2007,10,NYC Labor Force,3874510
2007,11,NYC Labor Force,3881756
2007,12,NYC Labor Force,3889283
2008,1,NYC Labor Force,3895966
2008,2,NYC Labor Force,3900730
2008,3,NYC Labor Force,3904032
2008,4,NYC Labor Force,3907281
2008,5,NYC Labor Force,3911797
2008,6,NYC Labor Force,3918347
2008,7,NYC Labor Force,3926749
2008,8,NYC Labor Force,3935762
2008,9,NYC Labor Force,3944195
2008,10,NYC Labor Force,3951450
2008,11,NYC Labor Force,3956621
2008,12,NYC Labor Force,3959100
2009,1,NYC Labor Force,3958987
2009,2,NYC Labor Force,3957966
2009,3,NYC Labor Force,3958423
2009,4,NYC Labor Force,3961171
2009,5,NYC Labor Force,3965412
2009,6,NYC Labor Force,3969705
2009,7,NYC Labor Force,3972033
2009,8,NYC Labor Force,3970854
2009,9,NYC Labor Force,3966092
2009,10,NYC Labor Force,3958614
2009,11,NYC Labor Force,3952007
2009,12,NYC Labor Force,3949925
2010,1,NYC Labor Force,3953010
2010,2,NYC Labor Force,3958519
2010,3,NYC Labor Force,3962808
2010,4,NYC Labor Force,3964119
2010,5,NYC Labor Force,3961920
2010,6,NYC Labor Force,3956654
2010,7,NYC Labor Force,3950085
2010,8,NYC Labor Force,3944211
2010,9,NYC Labor Force,3940157
2010,10,NYC Labor Force,3938137
2010,11,NYC Labor Force,3937187
2010,12,NYC Labor Force,3936582
2011,1,NYC Labor Force,3936928
2011,2,NYC Labor Force,3938123
2011,3,NYC Labor Force,3939718
2011,4,NYC Labor Force,3941828
2011,5,NYC Labor Force,3945205
2011,6,NYC Labor Force,3950521
2011,7,NYC Labor Force,3958391
2011,8,NYC Labor Force,3968411
2011,9,NYC Labor Force,3979209
2011,10,NYC Labor Force,3989793
2011,11,NYC Labor Force,3998342
2011,12,NYC Labor Force,4003703
2012,1,NYC Labor Force,4007037
2012,2,NYC Labor Force,4010261
2012,3,NYC Labor Force,4013783
2012,4,NYC Labor Force,4016670
2012,5,NYC Labor Force,4019209
2012,6,NYC Labor Force,4021283
2012,7,NYC Labor Force,4022381
2012,8,NYC Labor Force,4024144
2012,9,NYC Labor Force,4028481
2012,10,NYC Labor Force,4034676
2012,11,NYC Labor Force,4041705
2012,12,NYC Labor Force,4048395
2013,1,NYC Labor Force,4051011
2013,2,NYC Labor Force,4055357
2013,3,NYC Labor Force,4060559
2013,4,NYC Labor Force,4067923
2013,5,NYC Labor Force,4077083
2013,6,NYC Labor Force,4087302
2013,7,NYC Labor Force,4097165
2013,8,NYC Labor Force,4103281
2013,9,NYC Labor Force,4104335
2013,10,NYC Labor Force,4103155
2013,11,NYC Labor Force,4102412
2013,12,NYC Labor Force,4103253
2014,1,NYC Labor Force,4075477
2014,2,NYC Labor Force,4078580
2014,3,NYC Labor Force,4082060
2014,4,NYC Labor Force,4084870
2014,5,NYC Labor Force,4086297
2014,6,NYC Labor Force,4087343
2014,7,NYC Labor Force,4089038
2014,8,NYC Labor Force,4092639
2014,9,NYC Labor Force,4098101
2014,10,NYC Labor Force,4103283
2014,11,NYC Labor Force,4106707
2014,12,NYC Labor Force,4109060
2015,1,NYC Labor Force,4106884
2015,2,NYC Labor Force,4107665
2015,3,NYC Labor Force,4107689
2015,4,NYC Labor Force,4106541
2015,5,NYC Labor Force,4103720
2015,6,NYC Labor Force,4099128
2015,7,NYC Labor Force,4094497
2015,8,NYC Labor Force,4091995
2015,9,NYC Labor Force,4092590
2015,10,NYC Labor Force,4097209
2015,11,NYC Labor Force,4105220
2015,12,NYC Labor Force,4113230
2016,1,NYC Labor Force,4118145
2016,2,NYC Labor Force,4119025
2016,3,NYC Labor Force,4116657
2016,4,NYC Labor Force,4113769
2016,5,NYC Labor Force,4113065
2016,6,NYC Labor Force,4114878
2016,7,NYC Labor Force,4117764
2016,8,NYC Labor Force,4120059
2016,9,NYC Labor Force,4120712
2016,10,NYC Labor Force,4118734
2016,11,NYC Labor Force,4114472
2016,12,NYC Labor Force,4110256
2017,1,NYC Labor Force,4108107
2017,2,NYC Labor Force,4108459
2017,3,NYC Labor Force,4110709
2017,4,NYC Labor Force,4114119
2017,5,NYC Labor Force,4117584
2017,6,NYC Labor Force,4120039
2017,7,NYC Labor Force,4120739
2017,8,NYC Labor Force,4118548
2017,9,NYC Labor Force,4113212
2017,10,NYC Labor Force,4106009
2017,11,NYC Labor Force,4098574
2017,12,NYC Labor Force,4091972
2018,1,NYC Labor Force,4087432
2018,2,NYC Labor Force,4085589
2018,3,NYC Labor Force,4085165
2018,4,NYC Labor Force,4083716
2018,5,NYC Labor Force,4080067
2018,6,NYC Labor Force,4075082
2018,7,NYC Labor Force,4070593
2018,8,NYC Labor Force,4069183
2018,9,NYC Labor Force,4071885
2018,10,NYC Labor Force,4077557
2018,11,NYC Labor Force,4084144
2018,12,NYC Labor Force,4089452
2019,1,NYC Labor Force,4091483
2019,2,NYC Labor Force,4088923
2019,3,NYC Labor Force,4082904
2019,4,NYC Labor Force,4075662
2019,5,NYC Labor Force,4069209
2019,6,NYC Labor Force,4064860
2019,7,NYC Labor Force,4062599
2019,8,NYC Labor Force,4060881
2019,9,NYC Labor Force,4060172
2019,10,NYC Labor Force,4059691
2019,11,NYC Labor Force,4059478
2019,12,NYC Labor Force,4059655
2020,1,NYC Labor Force,4054605
2020,2,NYC Labor Force,4051665
2020,3,NYC Labor Force,3944212
2020,4,NYC Labor Force,3738815
2020,5,NYC Labor Force,3670099
2020,6,NYC Labor Force,3985038
2020,7,NYC Labor Force,4001356
2020,8,NYC Labor Force,3992492
2020,9,NYC Labor Force,3826489
1976,1,NYC Employed,2768623
1976,2,NYC Employed,2768463
1976,3,NYC Employed,2768557
1976,4,NYC Employed,2768172
1976,5,NYC Employed,2767660
1976,6,NYC Employed,2766261
1976,7,NYC Employed,2762946
1976,8,NYC Employed,2758293
1976,9,NYC Employed,2752637
1976,10,NYC Employed,2747113
1976,11,NYC Employed,2742843
1976,12,NYC Employed,2740868
1977,1,NYC Employed,2741475
1977,2,NYC Employed,2743460
1977,3,NYC Employed,2745188
1977,4,NYC Employed,2746359
1977,5,NYC Employed,2747148
1977,6,NYC Employed,2747555
1977,7,NYC Employed,2747931
1977,8,NYC Employed,2748811
1977,9,NYC Employed,2750255
1977,10,NYC Employed,2751986
1977,11,NYC Employed,2754006
1977,12,NYC Employed,2756211
1978,1,NYC Employed,2758972
1978,2,NYC Employed,2762170
1978,3,NYC Employed,2765226
1978,4,NYC Employed,2767683
1978,5,NYC Employed,2769557
1978,6,NYC Employed,2771463
1978,7,NYC Employed,2774041
1978,8,NYC Employed,2777466
1978,9,NYC Employed,2781779
1978,10,NYC Employed,2786536
1978,11,NYC Employed,2790709
1978,12,NYC Employed,2793131
1979,1,NYC Employed,2793267
1979,2,NYC Employed,2792071
1979,3,NYC Employed,2790955
1979,4,NYC Employed,2790831
1979,5,NYC Employed,2792157
1979,6,NYC Employed,2794379
1979,7,NYC Employed,2796761
1979,8,NYC Employed,2798867
1979,9,NYC Employed,2800413
1979,10,NYC Employed,2801541
1979,11,NYC Employed,2801817
1979,12,NYC Employed,2800795
1980,1,NYC Employed,2798489
1980,2,NYC Employed,2795127
1980,3,NYC Employed,2791382
1980,4,NYC Employed,2787949
1980,5,NYC Employed,2785438
1980,6,NYC Employed,2784699
1980,7,NYC Employed,2785746
1980,8,NYC Employed,2787904
1980,9,NYC Employed,2790388
1980,10,NYC Employed,2792661
1980,11,NYC Employed,2795637
1980,12,NYC Employed,2800539
1981,1,NYC Employed,2806766
1981,2,NYC Employed,2813188
1981,3,NYC Employed,2818848
1981,4,NYC Employed,2822907
1981,5,NYC Employed,2824856
1981,6,NYC Employed,2824703
1981,7,NYC Employed,2822782
1981,8,NYC Employed,2819643
1981,9,NYC Employed,2815977
1981,10,NYC Employed,2812387
1981,11,NYC Employed,2808767
1981,12,NYC Employed,2805176
1982,1,NYC Employed,2802413
1982,2,NYC Employed,2800400
1982,3,NYC Employed,2798416
1982,4,NYC Employed,2796015
1982,5,NYC Employed,2792840
1982,6,NYC Employed,2788567
1982,7,NYC Employed,2783335
1982,8,NYC Employed,2777743
1982,9,NYC Employed,2772177
1982,10,NYC Employed,2766620
1982,11,NYC Employed,2761403
1982,12,NYC Employed,2756543
1983,1,NYC Employed,2752308
1983,2,NYC Employed,2749802
1983,3,NYC Employed,2749777
1983,4,NYC Employed,2752460
1983,5,NYC Employed,2757611
1983,6,NYC Employed,2764568
1983,7,NYC Employed,2772611
1983,8,NYC Employed,2780566
1983,9,NYC Employed,2787633
1983,10,NYC Employed,2793748
1983,11,NYC Employed,2798785
1983,12,NYC Employed,2803008
1984,1,NYC Employed,2807147
1984,2,NYC Employed,2811550
1984,3,NYC Employed,2815889
1984,4,NYC Employed,2819549
1984,5,NYC Employed,2822236
1984,6,NYC Employed,2823799
1984,7,NYC Employed,2824317
1984,8,NYC Employed,2824514
1984,9,NYC Employed,2825272
1984,10,NYC Employed,2827301
1984,11,NYC Employed,2830978
1984,12,NYC Employed,2835959
1985,1,NYC Employed,2840718
1985,2,NYC Employed,2843806
1985,3,NYC Employed,2845257
1985,4,NYC Employed,2910711
1985,5,NYC Employed,2943470
1985,6,NYC Employed,2960774
1985,7,NYC Employed,2971415
1985,8,NYC Employed,2979661
1985,9,NYC Employed,2986984
1985,10,NYC Employed,2993378
1985,11,NYC Employed,2998452
1985,12,NYC Employed,3001844
1986,1,NYC Employed,3003843
1986,2,NYC Employed,3005396
1986,3,NYC Employed,3006974
1986,4,NYC Employed,3008887
1986,5,NYC Employed,3011521
1986,6,NYC Employed,3014777
1986,7,NYC Employed,3018123
1986,8,NYC Employed,3021011
1986,9,NYC Employed,3023268
1986,10,NYC Employed,3025120
1986,11,NYC Employed,3026837
1986,12,NYC Employed,3029267
1987,1,NYC Employed,3032904
1987,2,NYC Employed,3037473
1987,3,NYC Employed,3042785
1987,4,NYC Employed,3048542
1987,5,NYC Employed,3054169
1987,6,NYC Employed,3059213
1987,7,NYC Employed,3063577
1987,8,NYC Employed,3067186
1987,9,NYC Employed,3070146
1987,10,NYC Employed,3072558
1987,11,NYC Employed,3074781
1987,12,NYC Employed,3076658
1988,1,NYC Employed,3077998
1988,2,NYC Employed,3078805
1988,3,NYC Employed,3078815
1988,4,NYC Employed,3078129
1988,5,NYC Employed,3077271
1988,6,NYC Employed,3076998
1988,7,NYC Employed,3077847
1988,8,NYC Employed,3080069
1988,9,NYC Employed,3083705
1988,10,NYC Employed,3088413
1988,11,NYC Employed,3093577
1988,12,NYC Employed,3098556
1989,1,NYC Employed,3102975
1989,2,NYC Employed,3106552
1989,3,NYC Employed,3109552
1989,4,NYC Employed,3111799
1989,5,NYC Employed,3112925
1989,6,NYC Employed,3112731
1989,7,NYC Employed,3111332
1989,8,NYC Employed,3109654
1989,9,NYC Employed,3108662
1989,10,NYC Employed,3109204
1989,11,NYC Employed,3111043
1989,12,NYC Employed,3113558
1990,1,NYC Employed,3116147
1990,2,NYC Employed,3117933
1990,3,NYC Employed,3118207
1990,4,NYC Employed,3117031
1990,5,NYC Employed,3114787
1990,6,NYC Employed,3111350
1990,7,NYC Employed,3107072
1990,8,NYC Employed,3101325
1990,9,NYC Employed,3092824
1990,10,NYC Employed,3081141
1990,11,NYC Employed,3067191
1990,12,NYC Employed,3052134
1991,1,NYC Employed,3037021
1991,2,NYC Employed,3023228
1991,3,NYC Employed,3011139
1991,4,NYC Employed,3000667
1991,5,NYC Employed,2991902
1991,6,NYC Employed,2984853
1991,7,NYC Employed,2978689
1991,8,NYC Employed,2973102
1991,9,NYC Employed,2968350
1991,10,NYC Employed,2963779
1991,11,NYC Employed,2959011
1991,12,NYC Employed,2954061
1992,1,NYC Employed,2949215
1992,2,NYC Employed,2944954
1992,3,NYC Employed,2942180
1992,4,NYC Employed,2940982
1992,5,NYC Employed,2940390
1992,6,NYC Employed,2939504
1992,7,NYC Employed,2937987
1992,8,NYC Employed,2935856
1992,9,NYC Employed,2933435
1992,10,NYC Employed,2931630
1992,11,NYC Employed,2930758
1992,12,NYC Employed,2930997
1993,1,NYC Employed,2932432
1993,2,NYC Employed,2934952
1993,3,NYC Employed,2938522
1993,4,NYC Employed,2942974
1993,5,NYC Employed,2947801
1993,6,NYC Employed,2952376
1993,7,NYC Employed,2956054
1993,8,NYC Employed,2958716
1993,9,NYC Employed,2960891
1993,10,NYC Employed,2963111
1993,11,NYC Employed,2965863
1993,12,NYC Employed,2969707
1994,1,NYC Employed,2974550
1994,2,NYC Employed,2979211
1994,3,NYC Employed,2982391
1994,4,NYC Employed,2983812
1994,5,NYC Employed,2984236
1994,6,NYC Employed,2984856
1994,7,NYC Employed,2986771
1994,8,NYC Employed,2990353
1994,9,NYC Employed,2995317
1994,10,NYC Employed,3001132
1994,11,NYC Employed,3007041
1994,12,NYC Employed,3011745
1995,1,NYC Employed,3014363
1995,2,NYC Employed,3015339
1995,3,NYC Employed,3015522
1995,4,NYC Employed,3015688
1995,5,NYC Employed,3016620
1995,6,NYC Employed,3018672
1995,7,NYC Employed,3021722
1995,8,NYC Employed,3025140
1995,9,NYC Employed,3028447
1995,10,NYC Employed,3031530
1995,11,NYC Employed,3034540
1995,12,NYC Employed,3037911
1996,1,NYC Employed,3042415
1996,2,NYC Employed,3048311
1996,3,NYC Employed,3055278
1996,4,NYC Employed,3062793
1996,5,NYC Employed,3070498
1996,6,NYC Employed,3078308
1996,7,NYC Employed,3086266
1996,8,NYC Employed,3094467
1996,9,NYC Employed,3102378
1996,10,NYC Employed,3109529
1996,11,NYC Employed,3116121
1996,12,NYC Employed,3122602
1997,1,NYC Employed,3129174
1997,2,NYC Employed,3136259
1997,3,NYC Employed,3144572
1997,4,NYC Employed,3154262
1997,5,NYC Employed,3164643
1997,6,NYC Employed,3174986
1997,7,NYC Employed,3185026
1997,8,NYC Employed,3194508
1997,9,NYC Employed,3203320
1997,10,NYC Employed,3211344
1997,11,NYC Employed,3218484
1997,12,NYC Employed,3225197
1998,1,NYC Employed,3231907
1998,2,NYC Employed,3238849
1998,3,NYC Employed,3245980
1998,4,NYC Employed,3253434
1998,5,NYC Employed,3261323
1998,6,NYC Employed,3269526
1998,7,NYC Employed,3277805
1998,8,NYC Employed,3286375
1998,9,NYC Employed,3295428
1998,10,NYC Employed,3304776
1998,11,NYC Employed,3313708
1998,12,NYC Employed,3321355
1999,1,NYC Employed,3327437
1999,2,NYC Employed,3332252
1999,3,NYC Employed,3336765
1999,4,NYC Employed,3341701
1999,5,NYC Employed,3347536
1999,6,NYC Employed,3354732
1999,7,NYC Employed,3363244
1999,8,NYC Employed,3372640
1999,9,NYC Employed,3382457
1999,10,NYC Employed,3392204
1999,11,NYC Employed,3402046
1999,12,NYC Employed,3412208
2000,1,NYC Employed,3422768
2000,2,NYC Employed,3433120
2000,3,NYC Employed,3441826
2000,4,NYC Employed,3447925
2000,5,NYC Employed,3451671
2000,6,NYC Employed,3453607
2000,7,NYC Employed,3455085
2000,8,NYC Employed,3457982
2000,9,NYC Employed,3463406
2000,10,NYC Employed,3471582
2000,11,NYC Employed,3481037
2000,12,NYC Employed,3489096
2001,1,NYC Employed,3493165
2001,2,NYC Employed,3492689
2001,3,NYC Employed,3489084
2001,4,NYC Employed,3484445
2001,5,NYC Employed,3479465
2001,6,NYC Employed,3473406
2001,7,NYC Employed,3465466
2001,8,NYC Employed,3454385
2001,9,NYC Employed,3440366
2001,10,NYC Employed,3425146
2001,11,NYC Employed,3411003
2001,12,NYC Employed,3400857
2002,1,NYC Employed,3396461
2002,2,NYC Employed,3396938
2002,3,NYC Employed,3399715
2002,4,NYC Employed,3402793
2002,5,NYC Employed,3405540
2002,6,NYC Employed,3408358
2002,7,NYC Employed,3410622
2002,8,NYC Employed,3412038
2002,9,NYC Employed,3412247
2002,10,NYC Employed,3410560
2002,11,NYC Employed,3407153
2002,12,NYC Employed,3402177
2003,1,NYC Employed,3396315
2003,2,NYC Employed,3390622
2003,3,NYC Employed,3385429
2003,4,NYC Employed,3380129
2003,5,NYC Employed,3374370
2003,6,NYC Employed,3369037
2003,7,NYC Employed,3365395
2003,8,NYC Employed,3364129
2003,9,NYC Employed,3365458
2003,10,NYC Employed,3368844
2003,11,NYC Employed,3373121
2003,12,NYC Employed,3376977
2004,1,NYC Employed,3379338
2004,2,NYC Employed,3380280
2004,3,NYC Employed,3414697
2004,4,NYC Employed,3443155
2004,5,NYC Employed,3466962
2004,6,NYC Employed,3486738
2004,7,NYC Employed,3502923
2004,8,NYC Employed,3515969
2004,9,NYC Employed,3526112
2004,10,NYC Employed,3533711
2004,11,NYC Employed,3539612
2004,12,NYC Employed,3545058
2005,1,NYC Employed,3550884
2005,2,NYC Employed,3556965
2005,3,NYC Employed,3563234
2005,4,NYC Employed,3570046
2005,5,NYC Employed,3577430
2005,6,NYC Employed,3584365
2005,7,NYC Employed,3589925
2005,8,NYC Employed,3593782
2005,9,NYC Employed,3596096
2005,10,NYC Employed,3597669
2005,11,NYC Employed,3599003
2005,12,NYC Employed,3600453
2006,1,NYC Employed,3602933
2006,2,NYC Employed,3606725
2006,3,NYC Employed,3611040
2006,4,NYC Employed,3614953
2006,5,NYC Employed,3618392
2006,6,NYC Employed,3621617
2006,7,NYC Employed,3625443
2006,8,NYC Employed,3630289
2006,9,NYC Employed,3636093
2006,10,NYC Employed,3642877
2006,11,NYC Employed,3649882
2006,12,NYC Employed,3655596
2007,1,NYC Employed,3658876
2007,2,NYC Employed,3659946
2007,3,NYC Employed,3659350
2007,4,NYC Employed,3657886
2007,5,NYC Employed,3656423
2007,6,NYC Employed,3656057
2007,7,NYC Employed,3657442
2007,8,NYC Employed,3660903
2007,9,NYC Employed,3666612
2007,10,NYC Employed,3673673
2007,11,NYC Employed,3681565
2007,12,NYC Employed,3689795
2008,1,NYC Employed,3697055
2008,2,NYC Employed,3702617
2008,3,NYC Employed,3706535
2008,4,NYC Employed,3709081
2008,5,NYC Employed,3710701
2008,6,NYC Employed,3711970
2008,7,NYC Employed,3713021
2008,8,NYC Employed,3713301
2008,9,NYC Employed,3711345
2008,10,NYC Employed,3705568
2008,11,NYC Employed,3694791
2008,12,NYC Employed,3679023
2009,1,NYC Employed,3659482
2009,2,NYC Employed,3638894
2009,3,NYC Employed,3621227
2009,4,NYC Employed,3608644
2009,5,NYC Employed,3600163
2009,6,NYC Employed,3593740
2009,7,NYC Employed,3586968
2009,8,NYC Employed,3578370
2009,9,NYC Employed,3568453
2009,10,NYC Employed,3558708
2009,11,NYC Employed,3551744
2009,12,NYC Employed,3550063
2010,1,NYC Employed,3554488
2010,2,NYC Employed,3562538
2010,3,NYC Employed,3570495
2010,4,NYC Employed,3576407
2010,5,NYC Employed,3579889
2010,6,NYC Employed,3580503
2010,7,NYC Employed,3578730
2010,8,NYC Employed,3576168
2010,9,NYC Employed,3574118
2010,10,NYC Employed,3574037
2010,11,NYC Employed,3576261
2010,12,NYC Employed,3580124
2011,1,NYC Employed,3584854
2011,2,NYC Employed,3589319
2011,3,NYC Employed,3592712
2011,4,NYC Employed,3594642
2011,5,NYC Employed,3595600
2011,6,NYC Employed,3596855
2011,7,NYC Employed,3599807
2011,8,NYC Employed,3604490
2011,9,NYC Employed,3610064
2011,10,NYC Employed,3615434
2011,11,NYC Employed,3619305
2011,12,NYC Employed,3621422
2012,1,NYC Employed,3622970
2012,2,NYC Employed,3625211
2012,3,NYC Employed,3627818
2012,4,NYC Employed,3630440
2012,5,NYC Employed,3634066
2012,6,NYC Employed,3639238
2012,7,NYC Employed,3645566
2012,8,NYC Employed,3652899
2012,9,NYC Employed,3661158
2012,10,NYC Employed,3669303
2012,11,NYC Employed,3676667
2012,12,NYC Employed,3682927
2013,1,NYC Employed,3685307
2013,2,NYC Employed,3690239
2013,3,NYC Employed,3696841
2013,4,NYC Employed,3705486
2013,5,NYC Employed,3714496
2013,6,NYC Employed,3722665
2013,7,NYC Employed,3729919
2013,8,NYC Employed,3736218
2013,9,NYC Employed,3741924
2013,10,NYC Employed,3748130
2013,11,NYC Employed,3755570
2013,12,NYC Employed,3764130
2014,1,NYC Employed,3744978
2014,2,NYC Employed,3754192
2014,3,NYC Employed,3762966
2014,4,NYC Employed,3771019
2014,5,NYC Employed,3779112
2014,6,NYC Employed,3788226
2014,7,NYC Employed,3798101
2014,8,NYC Employed,3808546
2014,9,NYC Employed,3819071
2014,10,NYC Employed,3828691
2014,11,NYC Employed,3836524
2014,12,NYC Employed,3842702
2015,1,NYC Employed,3844479
2015,2,NYC Employed,3848816
2015,3,NYC Employed,3853499
2015,4,NYC Employed,3858662
2015,5,NYC Employed,3863696
2015,6,NYC Employed,3867885
2015,7,NYC Employed,3871392
2015,8,NYC Employed,3874680
2015,9,NYC Employed,3878363
2015,10,NYC Employed,3883230
2015,11,NYC Employed,3889224
2015,12,NYC Employed,3895115
2016,1,NYC Employed,3899445
2016,2,NYC Employed,3901398
2016,3,NYC Employed,3901155
2016,4,NYC Employed,3899948
2016,5,NYC Employed,3899101
2016,6,NYC Employed,3899141
2016,7,NYC Employed,3900033
2016,8,NYC Employed,3901396
2016,9,NYC Employed,3902830
2016,10,NYC Employed,3904190
2016,11,NYC Employed,3906000
2016,12,NYC Employed,3908807
2017,1,NYC Employed,3912552
2017,2,NYC Employed,3916759
2017,3,NYC Employed,3920330
2017,4,NYC Employed,3922863
2017,5,NYC Employed,3924547
2017,6,NYC Employed,3925443
2017,7,NYC Employed,3925559
2017,8,NYC Employed,3924547
2017,9,NYC Employed,3922246
2017,10,NYC Employed,3919062
2017,11,NYC Employed,3915272
2017,12,NYC Employed,3911658
2018,1,NYC Employed,3909142
2018,2,NYC Employed,3908305
2018,3,NYC Employed,3908771
2018,4,NYC Employed,3909045
2018,5,NYC Employed,3908100
2018,6,NYC Employed,3906443
2018,7,NYC Employed,3905119
2018,8,NYC Employed,3905133
2018,9,NYC Employed,3906738
2018,10,NYC Employed,3909279
2018,11,NYC Employed,3911936
2018,12,NYC Employed,3913623
2019,1,NYC Employed,3913506
2019,2,NYC Employed,3911257
2019,3,NYC Employed,3907702
2019,4,NYC Employed,3904612
2019,5,NYC Employed,3903141
2019,6,NYC Employed,3903467
2019,7,NYC Employed,3905502
2019,8,NYC Employed,3907825
2019,9,NYC Employed,3910397
2019,10,NYC Employed,3912003
2019,11,NYC Employed,3911889
2019,12,NYC Employed,3911570
2020,1,NYC Employed,3911937
2020,2,NYC Employed,3914274
2020,3,NYC Employed,3783906
2020,4,NYC Employed,3178742
2020,5,NYC Employed,2999807
2020,6,NYC Employed,3174861
2020,7,NYC Employed,3205940
2020,8,NYC Employed,3353725
2020,9,NYC Employed,3287795
1976,1,NYC Unemployed,345384
1976,2,NYC Unemployed,344809
1976,3,NYC Unemployed,344124
1976,4,NYC Unemployed,344071
1976,5,NYC Unemployed,345113
1976,6,NYC Unemployed,346117
1976,7,NYC Unemployed,346505
1976,8,NYC Unemployed,346191
1976,9,NYC Unemployed,344237
1976,10,NYC Unemployed,340876
1976,11,NYC Unemployed,337121
1976,12,NYC Unemployed,332899
1977,1,NYC Unemployed,328335
1977,2,NYC Unemployed,322811
1977,3,NYC Unemployed,316260
1977,4,NYC Unemployed,310058
1977,5,NYC Unemployed,305653
1977,6,NYC Unemployed,304045
1977,7,NYC Unemployed,304756
1977,8,NYC Unemployed,306577
1977,9,NYC Unemployed,308425
1977,10,NYC Unemployed,308838
1977,11,NYC Unemployed,306797
1977,12,NYC Unemployed,303020
1978,1,NYC Unemployed,297885
1978,2,NYC Unemployed,291953
1978,3,NYC Unemployed,285971
1978,4,NYC Unemployed,280335
1978,5,NYC Unemployed,275658
1978,6,NYC Unemployed,272015
1978,7,NYC Unemployed,269693
1978,8,NYC Unemployed,268729
1978,9,NYC Unemployed,268249
1978,10,NYC Unemployed,267959
1978,11,NYC Unemployed,267717
1978,12,NYC Unemployed,267230
1979,1,NYC Unemployed,266810
1979,2,NYC Unemployed,267016
1979,3,NYC Unemployed,268214
1979,4,NYC Unemployed,270497
1979,5,NYC Unemployed,273198
1979,6,NYC Unemployed,275438
1979,7,NYC Unemployed,275873
1979,8,NYC Unemployed,274272
1979,9,NYC Unemployed,271569
1979,10,NYC Unemployed,267730
1979,11,NYC Unemployed,263209
1979,12,NYC Unemployed,259629
1980,1,NYC Unemployed,257770
1980,2,NYC Unemployed,257438
1980,3,NYC Unemployed,258135
1980,4,NYC Unemployed,258837
1980,5,NYC Unemployed,259129
1980,6,NYC Unemployed,259219
1980,7,NYC Unemployed,259152
1980,8,NYC Unemployed,258852
1980,9,NYC Unemployed,258827
1980,10,NYC Unemployed,260621
1980,11,NYC Unemployed,264687
1980,12,NYC Unemployed,270043
1981,1,NYC Unemployed,276072
1981,2,NYC Unemployed,281642
1981,3,NYC Unemployed,284601
1981,4,NYC Unemployed,283569
1981,5,NYC Unemployed,278670
1981,6,NYC Unemployed,271616
1981,7,NYC Unemployed,265674
1981,8,NYC Unemployed,263135
1981,9,NYC Unemployed,264424
1981,10,NYC Unemployed,268847
1981,11,NYC Unemployed,274726
1981,12,NYC Unemployed,280293
1982,1,NYC Unemployed,283873
1982,2,NYC Unemployed,285405
1982,3,NYC Unemployed,285837
1982,4,NYC Unemployed,286110
1982,5,NYC Unemployed,286550
1982,6,NYC Unemployed,287352
1982,7,NYC Unemployed,288922
1982,8,NYC Unemployed,291691
1982,9,NYC Unemployed,295481
1982,10,NYC Unemployed,299452
1982,11,NYC Unemployed,302826
1982,12,NYC Unemployed,304487
1983,1,NYC Unemployed,304380
1983,2,NYC Unemployed,302882
1983,3,NYC Unemployed,300983
1983,4,NYC Unemployed,300236
1983,5,NYC Unemployed,300943
1983,6,NYC Unemployed,301825
1983,7,NYC Unemployed,301143
1983,8,NYC Unemployed,298182
1983,9,NYC Unemployed,293205
1983,10,NYC Unemployed,286699
1983,11,NYC Unemployed,279676
1983,12,NYC Unemployed,273433
1984,1,NYC Unemployed,268231
1984,2,NYC Unemployed,264822
1984,3,NYC Unemployed,264687
1984,4,NYC Unemployed,267834
1984,5,NYC Unemployed,273760
1984,6,NYC Unemployed,280875
1984,7,NYC Unemployed,286433
1984,8,NYC Unemployed,288569
1984,9,NYC Unemployed,287016
1984,10,NYC Unemployed,282759
1984,11,NYC Unemployed,277688
1984,12,NYC Unemployed,273917
1985,1,NYC Unemployed,272701
1985,2,NYC Unemployed,272963
1985,3,NYC Unemployed,272121
1985,4,NYC Unemployed,268905
1985,5,NYC Unemployed,263902
1985,6,NYC Unemployed,258526
1985,7,NYC Unemployed,254528
1985,8,NYC Unemployed,251819
1985,9,NYC Unemployed,250053
1985,10,NYC Unemployed,249608
1985,11,NYC Unemployed,250386
1985,12,NYC Unemployed,252238
1986,1,NYC Unemployed,255050
1986,2,NYC Unemployed,258174
1986,3,NYC Unemployed,260278
1986,4,NYC Unemployed,259960
1986,5,NYC Unemployed,256044
1986,6,NYC Unemployed,248772
1986,7,NYC Unemployed,239462
1986,8,NYC Unemployed,230382
1986,9,NYC Unemployed,223280
1986,10,NYC Unemployed,218235
1986,11,NYC Unemployed,214604
1986,12,NYC Unemployed,210846
1987,1,NYC Unemployed,205936
1987,2,NYC Unemployed,200165
1987,3,NYC Unemployed,194410
1987,4,NYC Unemployed,188837
1987,5,NYC Unemployed,183717
1987,6,NYC Unemployed,180075
1987,7,NYC Unemployed,178566
1987,8,NYC Unemployed,178711
1987,9,NYC Unemployed,178723
1987,10,NYC Unemployed,177330
1987,11,NYC Unemployed,173723
1987,12,NYC Unemployed,168092
1988,1,NYC Unemployed,160988
1988,2,NYC Unemployed,153628
1988,3,NYC Unemployed,148292
1988,4,NYC Unemployed,147144
1988,5,NYC Unemployed,150499
1988,6,NYC Unemployed,156700
1988,7,NYC Unemployed,163865
1988,8,NYC Unemployed,171175
1988,9,NYC Unemployed,178558
1988,10,NYC Unemployed,185154
1988,11,NYC Unemployed,190863
1988,12,NYC Unemployed,196494
1989,1,NYC Unemployed,202712
1989,2,NYC Unemployed,209609
1989,3,NYC Unemployed,216073
1989,4,NYC Unemployed,221364
1989,5,NYC Unemployed,225352
1989,6,NYC Unemployed,228131
1989,7,NYC Unemployed,230012
1989,8,NYC Unemployed,230871
1989,9,NYC Unemployed,230812
1989,10,NYC Unemployed,230627
1989,11,NYC Unemployed,230462
1989,12,NYC Unemployed,229853
1990,1,NYC Unemployed,228367
1990,2,NYC Unemployed,225795
1990,3,NYC Unemployed,222690
1990,4,NYC Unemployed,219898
1990,5,NYC Unemployed,218662
1990,6,NYC Unemployed,219908
1990,7,NYC Unemployed,223476
1990,8,NYC Unemployed,228610
1990,9,NYC Unemployed,234006
1990,10,NYC Unemployed,238726
1990,11,NYC Unemployed,242666
1990,12,NYC Unemployed,246754
1991,1,NYC Unemployed,252567
1991,2,NYC Unemployed,260525
1991,3,NYC Unemployed,269570
1991,4,NYC Unemployed,278019
1991,5,NYC Unemployed,284032
1991,6,NYC Unemployed,287089
1991,7,NYC Unemployed,288263
1991,8,NYC Unemployed,289477
1991,9,NYC Unemployed,292875
1991,10,NYC Unemployed,299575
1991,11,NYC Unemployed,308738
1991,12,NYC Unemployed,318455
1992,1,NYC Unemployed,327517
1992,2,NYC Unemployed,336245
1992,3,NYC Unemployed,345123
1992,4,NYC Unemployed,354540
1992,5,NYC Unemployed,364230
1992,6,NYC Unemployed,372961
1992,7,NYC Unemployed,379508
1992,8,NYC Unemployed,383371
1992,9,NYC Unemployed,384913
1992,10,NYC Unemployed,384641
1992,11,NYC Unemployed,383101
1992,12,NYC Unemployed,380215
1993,1,NYC Unemployed,375145
1993,2,NYC Unemployed,367359
1993,3,NYC Unemployed,357580
1993,4,NYC Unemployed,347021
1993,5,NYC Unemployed,337825
1993,6,NYC Unemployed,332105
1993,7,NYC Unemployed,330197
1993,8,NYC Unemployed,331047
1993,9,NYC Unemployed,332809
1993,10,NYC Unemployed,334084
1993,11,NYC Unemployed,334450
1993,12,NYC Unemployed,333022
1994,1,NYC Unemployed,328928
1994,2,NYC Unemployed,322250
1994,3,NYC Unemployed,314175
1994,4,NYC Unemployed,305898
1994,5,NYC Unemployed,298146
1994,6,NYC Unemployed,291186
1994,7,NYC Unemployed,284802
1994,8,NYC Unemployed,278355
1994,9,NYC Unemployed,271432
1994,10,NYC Unemployed,263851
1994,11,NYC Unemployed,256533
1994,12,NYC Unemployed,251569
1995,1,NYC Unemployed,250405
1995,2,NYC Unemployed,252621
1995,3,NYC Unemployed,257057
1995,4,NYC Unemployed,262556
1995,5,NYC Unemployed,267889
1995,6,NYC Unemployed,271819
1995,7,NYC Unemployed,274337
1995,8,NYC Unemployed,275854
1995,9,NYC Unemployed,276414
1995,10,NYC Unemployed,276471
1995,11,NYC Unemployed,276316
1995,12,NYC Unemployed,276877
1996,1,NYC Unemployed,279080
1996,2,NYC Unemployed,283196
1996,3,NYC Unemployed,288306
1996,4,NYC Unemployed,292626
1996,5,NYC Unemployed,294799
1996,6,NYC Unemployed,294932
1996,7,NYC Unemployed,294263
1996,8,NYC Unemployed,294948
1996,9,NYC Unemployed,299001
1996,10,NYC Unemployed,306795
1996,11,NYC Unemployed,317049
1996,12,NYC Unemployed,327444
1997,1,NYC Unemployed,336207
1997,2,NYC Unemployed,342412
1997,3,NYC Unemployed,345502
1997,4,NYC Unemployed,346310
1997,5,NYC Unemployed,345548
1997,6,NYC Unemployed,343041
1997,7,NYC Unemployed,338163
1997,8,NYC Unemployed,331023
1997,9,NYC Unemployed,322493
1997,10,NYC Unemployed,314534
1997,11,NYC Unemployed,308328
1997,12,NYC Unemployed,303849
1998,1,NYC Unemployed,300299
1998,2,NYC Unemployed,296621
1998,3,NYC Unemployed,292124
1998,4,NYC Unemployed,286489
1998,5,NYC Unemployed,280691
1998,6,NYC Unemployed,276435
1998,7,NYC Unemployed,274882
1998,8,NYC Unemployed,275368
1998,9,NYC Unemployed,276473
1998,10,NYC Unemployed,275958
1998,11,NYC Unemployed,272693
1998,12,NYC Unemployed,266971
1999,1,NYC Unemployed,259556
1999,2,NYC Unemployed,252624
1999,3,NYC Unemployed,248118
1999,4,NYC Unemployed,246860
1999,5,NYC Unemployed,248222
1999,6,NYC Unemployed,250416
1999,7,NYC Unemployed,251246
1999,8,NYC Unemployed,249144
1999,9,NYC Unemployed,243661
1999,10,NYC Unemployed,236059
1999,11,NYC Unemployed,228388
1999,12,NYC Unemployed,222415
2000,1,NYC Unemployed,219172
2000,2,NYC Unemployed,217907
2000,3,NYC Unemployed,217898
2000,4,NYC Unemployed,218259
2000,5,NYC Unemployed,217710
2000,6,NYC Unemployed,215928
2000,7,NYC Unemployed,213137
2000,8,NYC Unemployed,209566
2000,9,NYC Unemployed,205379
2000,10,NYC Unemployed,200809
2000,11,NYC Unemployed,196305
2000,12,NYC Unemployed,192489
2001,1,NYC Unemployed,189854
2001,2,NYC Unemployed,188565
2001,3,NYC Unemployed,188471
2001,4,NYC Unemployed,190039
2001,5,NYC Unemployed,194140
2001,6,NYC Unemployed,201149
2001,7,NYC Unemployed,211160
2001,8,NYC Unemployed,223947
2001,9,NYC Unemployed,238343
2001,10,NYC Unemployed,252676
2001,11,NYC Unemployed,265657
2001,12,NYC Unemployed,276549
2002,1,NYC Unemployed,285080
2002,2,NYC Unemployed,291413
2002,3,NYC Unemployed,295709
2002,4,NYC Unemployed,297511
2002,5,NYC Unemployed,296881
2002,6,NYC Unemployed,294578
2002,7,NYC Unemployed,292238
2002,8,NYC Unemployed,291771
2002,9,NYC Unemployed,294583
2002,10,NYC Unemployed,300118
2002,11,NYC Unemployed,306355
2002,12,NYC Unemployed,311173
2003,1,NYC Unemployed,313743
2003,2,NYC Unemployed,313996
2003,3,NYC Unemployed,312483
2003,4,NYC Unemployed,310717
2003,5,NYC Unemployed,310007
2003,6,NYC Unemployed,310448
2003,7,NYC Unemployed,310651
2003,8,NYC Unemployed,309467
2003,9,NYC Unemployed,306395
2003,10,NYC Unemployed,302458
2003,11,NYC Unemployed,298883
2003,12,NYC Unemployed,295631
2004,1,NYC Unemployed,292459
2004,2,NYC Unemployed,289390
2004,3,NYC Unemployed,286436
2004,4,NYC Unemployed,282712
2004,5,NYC Unemployed,277599
2004,6,NYC Unemployed,270817
2004,7,NYC Unemployed,263012
2004,8,NYC Unemployed,254680
2004,9,NYC Unemployed,246324
2004,10,NYC Unemployed,238502
2004,11,NYC Unemployed,231538
2004,12,NYC Unemployed,226577
2005,1,NYC Unemployed,223433
2005,2,NYC Unemployed,221219
2005,3,NYC Unemployed,218966
2005,4,NYC Unemployed,216763
2005,5,NYC Unemployed,215216
2005,6,NYC Unemployed,215410
2005,7,NYC Unemployed,217948
2005,8,NYC Unemployed,221375
2005,9,NYC Unemployed,223861
2005,10,NYC Unemployed,223854
2005,11,NYC Unemployed,221208
2005,12,NYC Unemployed,216452
2006,1,NYC Unemployed,210705
2006,2,NYC Unemployed,205555
2006,3,NYC Unemployed,202294
2006,4,NYC Unemployed,200685
2006,5,NYC Unemployed,198783
2006,6,NYC Unemployed,195231
2006,7,NYC Unemployed,189540
2006,8,NYC Unemployed,183526
2006,9,NYC Unemployed,179083
2006,10,NYC Unemployed,176468
2006,11,NYC Unemployed,175545
2006,12,NYC Unemployed,176025
2007,1,NYC Unemployed,177859
2007,2,NYC Unemployed,180923
2007,3,NYC Unemployed,184741
2007,4,NYC Unemployed,189017
2007,5,NYC Unemployed,193620
2007,6,NYC Unemployed,197684
2007,7,NYC Unemployed,200377
2007,8,NYC Unemployed,201595
2007,9,NYC Unemployed,201409
2007,10,NYC Unemployed,200837
2007,11,NYC Unemployed,200191
2007,12,NYC Unemployed,199488
2008,1,NYC Unemployed,198911
2008,2,NYC Unemployed,198113
2008,3,NYC Unemployed,197497
2008,4,NYC Unemployed,198200
2008,5,NYC Unemployed,201096
2008,6,NYC Unemployed,206377
2008,7,NYC Unemployed,213728
2008,8,NYC Unemployed,222461
2008,9,NYC Unemployed,232850
2008,10,NYC Unemployed,245882
2008,11,NYC Unemployed,261830
2008,12,NYC Unemployed,280077
2009,1,NYC Unemployed,299505
2009,2,NYC Unemployed,319072
2009,3,NYC Unemployed,337196
2009,4,NYC Unemployed,352527
2009,5,NYC Unemployed,365249
2009,6,NYC Unemployed,375965
2009,7,NYC Unemployed,385065
2009,8,NYC Unemployed,392484
2009,9,NYC Unemployed,397639
2009,10,NYC Unemployed,399906
2009,11,NYC Unemployed,400263
2009,12,NYC Unemployed,399862
2010,1,NYC Unemployed,398522
2010,2,NYC Unemployed,395981
2010,3,NYC Unemployed,392313
2010,4,NYC Unemployed,387712
2010,5,NYC Unemployed,382031
2010,6,NYC Unemployed,376151
2010,7,NYC Unemployed,371355
2010,8,NYC Unemployed,368043
2010,9,NYC Unemployed,366039
2010,10,NYC Unemployed,364100
2010,11,NYC Unemployed,360926
2010,12,NYC Unemployed,356458
2011,1,NYC Unemployed,352074
2011,2,NYC Unemployed,348804
2011,3,NYC Unemployed,347006
2011,4,NYC Unemployed,347186
2011,5,NYC Unemployed,349605
2011,6,NYC Unemployed,353666
2011,7,NYC Unemployed,358584
2011,8,NYC Unemployed,363921
2011,9,NYC Unemployed,369145
2011,10,NYC Unemployed,374359
2011,11,NYC Unemployed,379037
2011,12,NYC Unemployed,382281
2012,1,NYC Unemployed,384067
2012,2,NYC Unemployed,385050
2012,3,NYC Unemployed,385965
2012,4,NYC Unemployed,386230
2012,5,NYC Unemployed,385143
2012,6,NYC Unemployed,382045
2012,7,NYC Unemployed,376815
2012,8,NYC Unemployed,371245
2012,9,NYC Unemployed,367323
2012,10,NYC Unemployed,365373
2012,11,NYC Unemployed,365038
2012,12,NYC Unemployed,365468
2013,1,NYC Unemployed,365704
2013,2,NYC Unemployed,365118
2013,3,NYC Unemployed,363718
2013,4,NYC Unemployed,362437
2013,5,NYC Unemployed,362587
2013,6,NYC Unemployed,364637
2013,7,NYC Unemployed,367246
2013,8,NYC Unemployed,367063
2013,9,NYC Unemployed,362411
2013,10,NYC Unemployed,355025
2013,11,NYC Unemployed,346842
2013,12,NYC Unemployed,339123
2014,1,NYC Unemployed,330499
2014,2,NYC Unemployed,324388
2014,3,NYC Unemployed,319094
2014,4,NYC Unemployed,313851
2014,5,NYC Unemployed,307185
2014,6,NYC Unemployed,299117
2014,7,NYC Unemployed,290937
2014,8,NYC Unemployed,284093
2014,9,NYC Unemployed,279030
2014,10,NYC Unemployed,274592
2014,11,NYC Unemployed,270183
2014,12,NYC Unemployed,266358
2015,1,NYC Unemployed,262405
2015,2,NYC Unemployed,258849
2015,3,NYC Unemployed,254190
2015,4,NYC Unemployed,247879
2015,5,NYC Unemployed,240024
2015,6,NYC Unemployed,231243
2015,7,NYC Unemployed,223105
2015,8,NYC Unemployed,217315
2015,9,NYC Unemployed,214227
2015,10,NYC Unemployed,213979
2015,11,NYC Unemployed,215996
2015,12,NYC Unemployed,218115
2016,1,NYC Unemployed,218700
2016,2,NYC Unemployed,217627
2016,3,NYC Unemployed,215502
2016,4,NYC Unemployed,213821
2016,5,NYC Unemployed,213964
2016,6,NYC Unemployed,215737
2016,7,NYC Unemployed,217731
2016,8,NYC Unemployed,218663
2016,9,NYC Unemployed,217882
2016,10,NYC Unemployed,214544
2016,11,NYC Unemployed,208472
2016,12,NYC Unemployed,201449
2017,1,NYC Unemployed,195555
2017,2,NYC Unemployed,191700
2017,3,NYC Unemployed,190379
2017,4,NYC Unemployed,191256
2017,5,NYC Unemployed,193037
2017,6,NYC Unemployed,194596
2017,7,NYC Unemployed,195180
2017,8,NYC Unemployed,194001
2017,9,NYC Unemployed,190966
2017,10,NYC Unemployed,186947
2017,11,NYC Unemployed,183302
2017,12,NYC Unemployed,180314
2018,1,NYC Unemployed,178290
2018,2,NYC Unemployed,177284
2018,3,NYC Unemployed,176394
2018,4,NYC Unemployed,174671
2018,5,NYC Unemployed,171967
2018,6,NYC Unemployed,168639
2018,7,NYC Unemployed,165474
2018,8,NYC Unemployed,164050
2018,9,NYC Unemployed,165147
2018,10,NYC Unemployed,168278
2018,11,NYC Unemployed,172208
2018,12,NYC Unemployed,175829
2019,1,NYC Unemployed,177977
2019,2,NYC Unemployed,177666
2019,3,NYC Unemployed,175202
2019,4,NYC Unemployed,171050
2019,5,NYC Unemployed,166068
2019,6,NYC Unemployed,161393
2019,7,NYC Unemployed,157097
2019,8,NYC Unemployed,153056
2019,9,NYC Unemployed,149775
2019,10,NYC Unemployed,147688
2019,11,NYC Unemployed,147589
2019,12,NYC Unemployed,148085
2020,1,NYC Unemployed,142668
2020,2,NYC Unemployed,137391
2020,3,NYC Unemployed,160306
2020,4,NYC Unemployed,560073
2020,5,NYC Unemployed,670292
2020,6,NYC Unemployed,810177
2020,7,NYC Unemployed,795416
2020,8,NYC Unemployed,638767
2020,9,NYC Unemployed,538694