New York State,,,,,,,,,,,,,,,,
Smoothed Seasonally Adjusted,,,,,,,,,,,,,,,,
YEAR,MONTH,Labor Force,Employed,Unemployed,Unemployment Rate,,,,,,,,,,,
1976,1," 7,687,165 "," 6,896,554 "," 790,611 ", 10.3 ,,,,,,,,,,,
1976,2," 7,684,752 "," 6,895,390 "," 789,362 ", 10.3 ,,,,,,,,,,,
1976,3," 7,684,481 "," 6,897,998 "," 786,483 ", 10.2 ,,,,,,,,,,,
1976,4," 7,689,935 "," 6,906,874 "," 783,061 ", 10.2 ,,,,,,,,,,,
1976,5," 7,699,911 "," 6,917,563 "," 782,348 ", 10.2 ,,,,,,,,,,,
1976,6," 7,710,197 "," 6,926,350 "," 783,847 ", 10.2 ,,,,,,,,,,,
1976,7," 7,714,711 "," 6,928,065 "," 786,646 ", 10.2 ,,,,,,,,,,,
1976,8," 7,711,955 "," 6,922,698 "," 789,257 ", 10.2 ,,,,,,,,,,,
1976,9," 7,702,135 "," 6,912,814 "," 789,321 ", 10.2 ,,,,,,,,,,,
1976,10," 7,688,549 "," 6,901,865 "," 786,684 ", 10.2 ,,,,,,,,,,,
1976,11," 7,675,643 "," 6,894,001 "," 781,642 ", 10.2 ,,,,,,,,,,,
1976,12," 7,669,179 "," 6,893,647 "," 775,532 ", 10.1 ,,,,,,,,,,,
1977,1," 7,673,859 "," 6,903,917 "," 769,942 ", 10.0 ,,,,,,,,,,,
1977,2," 7,685,946 "," 6,923,761 "," 762,185 ", 9.9 ,,,,,,,,,,,
1977,3," 7,699,013 "," 6,948,749 "," 750,264 ", 9.7 ,,,,,,,,,,,
1977,4," 7,710,663 "," 6,975,580 "," 735,083 ", 9.5 ,,,,,,,,,,,
1977,5," 7,719,926 "," 7,001,075 "," 718,851 ", 9.3 ,,,,,,,,,,,
1977,6," 7,726,901 "," 7,022,585 "," 704,316 ", 9.1 ,,,,,,,,,,,
1977,7," 7,733,588 "," 7,040,877 "," 692,711 ", 9.0 ,,,,,,,,,,,
1977,8," 7,742,645 "," 7,058,488 "," 684,157 ", 8.8 ,,,,,,,,,,,
1977,9," 7,754,068 "," 7,076,707 "," 677,361 ", 8.7 ,,,,,,,,,,,
1977,10," 7,765,621 "," 7,095,195 "," 670,426 ", 8.6 ,,,,,,,,,,,
1977,11," 7,775,641 "," 7,113,136 "," 662,505 ", 8.5 ,,,,,,,,,,,
1977,12," 7,782,581 "," 7,128,771 "," 653,810 ", 8.4 ,,,,,,,,,,,
1978,1," 7,787,320 "," 7,143,545 "," 643,775 ", 8.3 ,,,,,,,,,,,
1978,2," 7,792,592 "," 7,158,808 "," 633,784 ", 8.1 ,,,,,,,,,,,
1978,3," 7,799,865 "," 7,174,491 "," 625,374 ", 8.0 ,,,,,,,,,,,
1978,4," 7,808,695 "," 7,189,887 "," 618,808 ", 7.9 ,,,,,,,,,,,
1978,5," 7,819,734 "," 7,205,741 "," 613,993 ", 7.9 ,,,,,,,,,,,
1978,6," 7,832,827 "," 7,223,321 "," 609,506 ", 7.8 ,,,,,,,,,,,
1978,7," 7,847,213 "," 7,242,277 "," 604,936 ", 7.7 ,,,,,,,,,,,
1978,8," 7,862,942 "," 7,262,302 "," 600,640 ", 7.6 ,,,,,,,,,,,
1978,9," 7,880,750 "," 7,284,730 "," 596,020 ", 7.6 ,,,,,,,,,,,
1978,10," 7,901,898 "," 7,310,842 "," 591,056 ", 7.5 ,,,,,,,,,,,
1978,11," 7,924,783 "," 7,338,896 "," 585,887 ", 7.4 ,,,,,,,,,,,
1978,12," 7,944,266 "," 7,363,972 "," 580,294 ", 7.3 ,,,,,,,,,,,
1979,1," 7,955,684 "," 7,381,316 "," 574,368 ", 7.2 ,,,,,,,,,,,
1979,2," 7,959,763 "," 7,391,227 "," 568,536 ", 7.1 ,,,,,,,,,,,
1979,3," 7,960,601 "," 7,396,959 "," 563,642 ", 7.1 ,,,,,,,,,,,
1979,4," 7,962,758 "," 7,401,466 "," 561,292 ", 7.0 ,,,,,,,,,,,
1979,5," 7,970,035 "," 7,407,580 "," 562,455 ", 7.1 ,,,,,,,,,,,
1979,6," 7,982,659 "," 7,415,310 "," 567,349 ", 7.1 ,,,,,,,,,,,
1979,7," 7,999,247 "," 7,425,317 "," 573,930 ", 7.2 ,,,,,,,,,,,
1979,8," 8,017,455 "," 7,437,082 "," 580,373 ", 7.2 ,,,,,,,,,,,
1979,9," 8,034,013 "," 7,448,242 "," 585,771 ", 7.3 ,,,,,,,,,,,
1979,10," 8,044,467 "," 7,456,960 "," 587,507 ", 7.3 ,,,,,,,,,,,
1979,11," 8,046,086 "," 7,461,673 "," 584,413 ", 7.3 ,,,,,,,,,,,
1979,12," 8,040,294 "," 7,460,829 "," 579,465 ", 7.2 ,,,,,,,,,,,
1980,1," 8,028,702 "," 7,452,203 "," 576,499 ", 7.2 ,,,,,,,,,,,
1980,2," 8,012,458 "," 7,434,606 "," 577,852 ", 7.2 ,,,,,,,,,,,
1980,3," 7,993,688 "," 7,409,844 "," 583,844 ", 7.3 ,,,,,,,,,,,
1980,4," 7,975,051 "," 7,382,931 "," 592,120 ", 7.4 ,,,,,,,,,,,
1980,5," 7,959,384 "," 7,359,185 "," 600,199 ", 7.5 ,,,,,,,,,,,
1980,6," 7,950,541 "," 7,344,270 "," 606,271 ", 7.6 ,,,,,,,,,,,
1980,7," 7,948,491 "," 7,339,732 "," 608,759 ", 7.7 ,,,,,,,,,,,
1980,8," 7,950,512 "," 7,343,684 "," 606,828 ", 7.6 ,,,,,,,,,,,
1980,9," 7,955,340 "," 7,352,626 "," 602,714 ", 7.6 ,,,,,,,,,,,
1980,10," 7,963,137 "," 7,362,102 "," 601,035 ", 7.5 ,,,,,,,,,,,
1980,11," 7,975,839 "," 7,372,157 "," 603,682 ", 7.6 ,,,,,,,,,,,
1980,12," 7,995,685 "," 7,386,605 "," 609,080 ", 7.6 ,,,,,,,,,,,
1981,1," 8,021,001 "," 7,405,176 "," 615,825 ", 7.7 ,,,,,,,,,,,
1981,2," 8,046,249 "," 7,424,294 "," 621,955 ", 7.7 ,,,,,,,,,,,
1981,3," 8,065,538 "," 7,441,190 "," 624,348 ", 7.7 ,,,,,,,,,,,
1981,4," 8,073,028 "," 7,451,699 "," 621,329 ", 7.7 ,,,,,,,,,,,
1981,5," 8,065,869 "," 7,452,784 "," 613,085 ", 7.6 ,,,,,,,,,,,
1981,6," 8,047,169 "," 7,445,355 "," 601,814 ", 7.5 ,,,,,,,,,,,
1981,7," 8,023,540 "," 7,431,197 "," 592,343 ", 7.4 ,,,,,,,,,,,
1981,8," 8,001,955 "," 7,413,239 "," 588,716 ", 7.4 ,,,,,,,,,,,
1981,9," 7,986,251 "," 7,395,151 "," 591,100 ", 7.4 ,,,,,,,,,,,
1981,10," 7,978,150 "," 7,379,824 "," 598,326 ", 7.5 ,,,,,,,,,,,
1981,11," 7,975,144 "," 7,365,850 "," 609,294 ", 7.6 ,,,,,,,,,,,
1981,12," 7,974,771 "," 7,352,769 "," 622,002 ", 7.8 ,,,,,,,,,,,
1982,1," 7,976,631 "," 7,343,565 "," 633,066 ", 7.9 ,,,,,,,,,,,
1982,2," 7,980,422 "," 7,339,090 "," 641,332 ", 8.0 ,,,,,,,,,,,
1982,3," 7,984,128 "," 7,336,760 "," 647,368 ", 8.1 ,,,,,,,,,,,
1982,4," 7,987,010 "," 7,334,993 "," 652,017 ", 8.2 ,,,,,,,,,,,
1982,5," 7,988,116 "," 7,331,849 "," 656,267 ", 8.2 ,,,,,,,,,,,
1982,6," 7,985,785 "," 7,324,164 "," 661,621 ", 8.3 ,,,,,,,,,,,
1982,7," 7,980,868 "," 7,311,302 "," 669,566 ", 8.4 ,,,,,,,,,,,
1982,8," 7,975,605 "," 7,294,904 "," 680,701 ", 8.5 ,,,,,,,,,,,
1982,9," 7,972,315 "," 7,277,046 "," 695,269 ", 8.7 ,,,,,,,,,,,
1982,10," 7,971,774 "," 7,260,021 "," 711,753 ", 8.9 ,,,,,,,,,,,
1982,11," 7,973,878 "," 7,247,062 "," 726,816 ", 9.1 ,,,,,,,,,,,
1982,12," 7,975,272 "," 7,238,089 "," 737,183 ", 9.2 ,,,,,,,,,,,
1983,1," 7,975,079 "," 7,232,729 "," 742,350 ", 9.3 ,,,,,,,,,,,
1983,2," 7,976,511 "," 7,234,185 "," 742,326 ", 9.3 ,,,,,,,,,,,
1983,3," 7,982,910 "," 7,244,713 "," 738,197 ", 9.2 ,,,,,,,,,,,
1983,4," 7,997,761 "," 7,265,240 "," 732,521 ", 9.2 ,,,,,,,,,,,
1983,5," 8,019,832 "," 7,293,924 "," 725,908 ", 9.1 ,,,,,,,,,,,
1983,6," 8,044,373 "," 7,327,161 "," 717,212 ", 8.9 ,,,,,,,,,,,
1983,7," 8,066,458 "," 7,361,277 "," 705,181 ", 8.7 ,,,,,,,,,,,
1983,8," 8,080,773 "," 7,390,869 "," 689,904 ", 8.5 ,,,,,,,,,,,
1983,9," 8,084,502 "," 7,412,353 "," 672,149 ", 8.3 ,,,,,,,,,,,
1983,10," 8,078,782 "," 7,425,886 "," 652,896 ", 8.1 ,,,,,,,,,,,
1983,11," 8,067,726 "," 7,433,476 "," 634,250 ", 7.9 ,,,,,,,,,,,
1983,12," 8,057,585 "," 7,439,623 "," 617,962 ", 7.7 ,,,,,,,,,,,
1984,1," 8,053,218 "," 7,449,882 "," 603,336 ", 7.5 ,,,,,,,,,,,
1984,2," 8,056,637 "," 7,466,024 "," 590,613 ", 7.3 ,,,,,,,,,,,
1984,3," 8,068,225 "," 7,486,063 "," 582,162 ", 7.2 ,,,,,,,,,,,
1984,4," 8,084,388 "," 7,505,941 "," 578,447 ", 7.2 ,,,,,,,,,,,
1984,5," 8,102,352 "," 7,522,726 "," 579,626 ", 7.2 ,,,,,,,,,,,
1984,6," 8,118,126 "," 7,534,320 "," 583,806 ", 7.2 ,,,,,,,,,,,
1984,7," 8,127,075 "," 7,540,016 "," 587,059 ", 7.2 ,,,,,,,,,,,
1984,8," 8,129,770 "," 7,542,633 "," 587,137 ", 7.2 ,,,,,,,,,,,
1984,9," 8,129,062 "," 7,545,795 "," 583,267 ", 7.2 ,,,,,,,,,,,
1984,10," 8,128,824 "," 7,553,219 "," 575,605 ", 7.1 ,,,,,,,,,,,
1984,11," 8,133,760 "," 7,567,724 "," 566,036 ", 7.0 ,,,,,,,,,,,
1984,12," 8,145,936 "," 7,588,255 "," 557,681 ", 6.8 ,,,,,,,,,,,
1985,1," 8,162,398 "," 7,608,817 "," 553,581 ", 6.8 ,,,,,,,,,,,
1985,2," 8,177,031 "," 7,623,263 "," 553,768 ", 6.8 ,,,,,,,,,,,
1985,3," 8,184,560 "," 7,629,801 "," 554,759 ", 6.8 ,,,,,,,,,,,
1985,4," 8,249,355 "," 7,695,257 "," 554,098 ", 6.7 ,,,,,,,,,,,
1985,5," 8,278,164 "," 7,726,502 "," 551,662 ", 6.7 ,,,,,,,,,,,
1985,6," 8,293,359 "," 7,745,005 "," 548,354 ", 6.6 ,,,,,,,,,,,
1985,7," 8,307,718 "," 7,761,951 "," 545,767 ", 6.6 ,,,,,,,,,,,
1985,8," 8,325,905 "," 7,783,043 "," 542,862 ", 6.5 ,,,,,,,,,,,
1985,9," 8,347,996 "," 7,808,417 "," 539,579 ", 6.5 ,,,,,,,,,,,
1985,10," 8,371,636 "," 7,833,604 "," 538,032 ", 6.4 ,,,,,,,,,,,
1985,11," 8,392,584 "," 7,853,542 "," 539,042 ", 6.4 ,,,,,,,,,,,
1985,12," 8,407,813 "," 7,865,100 "," 542,713 ", 6.5 ,,,,,,,,,,,
1986,1," 8,417,695 "," 7,869,249 "," 548,446 ", 6.5 ,,,,,,,,,,,
1986,2," 8,425,409 "," 7,870,640 "," 554,769 ", 6.6 ,,,,,,,,,,,
1986,3," 8,432,690 "," 7,873,009 "," 559,681 ", 6.6 ,,,,,,,,,,,
1986,4," 8,439,440 "," 7,878,431 "," 561,009 ", 6.6 ,,,,,,,,,,,
1986,5," 8,444,060 "," 7,887,486 "," 556,574 ", 6.6 ,,,,,,,,,,,
1986,6," 8,446,309 "," 7,899,992 "," 546,317 ", 6.5 ,,,,,,,,,,,
1986,7," 8,446,807 "," 7,914,993 "," 531,814 ", 6.3 ,,,,,,,,,,,
1986,8," 8,446,010 "," 7,929,866 "," 516,144 ", 6.1 ,,,,,,,,,,,
1986,9," 8,444,650 "," 7,942,965 "," 501,685 ", 5.9 ,,,,,,,,,,,
1986,10," 8,443,246 "," 7,954,497 "," 488,749 ", 5.8 ,,,,,,,,,,,
1986,11," 8,441,569 "," 7,964,163 "," 477,406 ", 5.7 ,,,,,,,,,,,
1986,12," 8,440,883 "," 7,974,393 "," 466,490 ", 5.5 ,,,,,,,,,,,
1987,1," 8,441,771 "," 7,986,560 "," 455,211 ", 5.4 ,,,,,,,,,,,
1987,2," 8,443,503 "," 7,999,842 "," 443,661 ", 5.3 ,,,,,,,,,,,
1987,3," 8,447,195 "," 8,014,696 "," 432,499 ", 5.1 ,,,,,,,,,,,
1987,4," 8,453,220 "," 8,031,202 "," 422,018 ", 5.0 ,,,,,,,,,,,
1987,5," 8,461,149 "," 8,048,381 "," 412,768 ", 4.9 ,,,,,,,,,,,
1987,6," 8,471,192 "," 8,064,923 "," 406,269 ", 4.8 ,,,,,,,,,,,
1987,7," 8,483,495 "," 8,080,162 "," 403,333 ", 4.8 ,,,,,,,,,,,
1987,8," 8,497,287 "," 8,094,174 "," 403,113 ", 4.7 ,,,,,,,,,,,
1987,9," 8,510,594 "," 8,107,825 "," 402,769 ", 4.7 ,,,,,,,,,,,
1987,10," 8,520,595 "," 8,120,516 "," 400,079 ", 4.7 ,,,,,,,,,,,
1987,11," 8,525,703 "," 8,132,516 "," 393,187 ", 4.6 ,,,,,,,,,,,
1987,12," 8,524,333 "," 8,142,148 "," 382,185 ", 4.5 ,,,,,,,,,,,
1988,1," 8,516,679 "," 8,148,513 "," 368,166 ", 4.3 ,,,,,,,,,,,
1988,2," 8,506,600 "," 8,152,981 "," 353,619 ", 4.2 ,,,,,,,,,,,
1988,3," 8,498,645 "," 8,156,087 "," 342,558 ", 4.0 ,,,,,,,,,,,
1988,4," 8,497,368 "," 8,158,999 "," 338,369 ", 4.0 ,,,,,,,,,,,
1988,5," 8,505,117 "," 8,163,322 "," 341,795 ", 4.0 ,,,,,,,,,,,
1988,6," 8,520,534 "," 8,170,127 "," 350,407 ", 4.1 ,,,,,,,,,,,
1988,7," 8,540,340 "," 8,179,165 "," 361,175 ", 4.2 ,,,,,,,,,,,
1988,8," 8,561,839 "," 8,189,447 "," 372,392 ", 4.3 ,,,,,,,,,,,
1988,9," 8,583,153 "," 8,199,978 "," 383,175 ", 4.5 ,,,,,,,,,,,
1988,10," 8,602,025 "," 8,210,585 "," 391,440 ", 4.6 ,,,,,,,,,,,
1988,11," 8,617,868 "," 8,220,962 "," 396,906 ", 4.6 ,,,,,,,,,,,
1988,12," 8,631,431 "," 8,230,468 "," 400,963 ", 4.6 ,,,,,,,,,,,
1989,1," 8,644,324 "," 8,239,246 "," 405,078 ", 4.7 ,,,,,,,,,,,
1989,2," 8,656,545 "," 8,246,117 "," 410,428 ", 4.7 ,,,,,,,,,,,
1989,3," 8,667,962 "," 8,251,902 "," 416,060 ", 4.8 ,,,,,,,,,,,
1989,4," 8,677,599 "," 8,256,538 "," 421,061 ", 4.9 ,,,,,,,,,,,
1989,5," 8,684,836 "," 8,259,412 "," 425,424 ", 4.9 ,,,,,,,,,,,
1989,6," 8,690,808 "," 8,260,707 "," 430,101 ", 4.9 ,,,,,,,,,,,
1989,7," 8,696,915 "," 8,261,118 "," 435,797 ", 5.0 ,,,,,,,,,,,
1989,8," 8,704,437 "," 8,262,776 "," 441,661 ", 5.1 ,,,,,,,,,,,
1989,9," 8,715,162 "," 8,268,108 "," 447,054 ", 5.1 ,,,,,,,,,,,
1989,10," 8,731,611 "," 8,279,526 "," 452,085 ", 5.2 ,,,,,,,,,,,
1989,11," 8,752,551 "," 8,296,356 "," 456,195 ", 5.2 ,,,,,,,,,,,
1989,12," 8,775,180 "," 8,316,742 "," 458,438 ", 5.2 ,,,,,,,,,,,
1990,1," 8,796,154 "," 8,338,055 "," 458,099 ", 5.2 ,,,,,,,,,,,
1990,2," 8,812,167 "," 8,357,217 "," 454,950 ", 5.2 ,,,,,,,,,,,
1990,3," 8,821,532 "," 8,370,923 "," 450,609 ", 5.1 ,,,,,,,,,,,
1990,4," 8,824,908 "," 8,377,690 "," 447,218 ", 5.1 ,,,,,,,,,,,
1990,5," 8,825,081 "," 8,378,472 "," 446,609 ", 5.1 ,,,,,,,,,,,
1990,6," 8,823,069 "," 8,373,371 "," 449,698 ", 5.1 ,,,,,,,,,,,
1990,7," 8,820,754 "," 8,364,181 "," 456,573 ", 5.2 ,,,,,,,,,,,
1990,8," 8,818,372 "," 8,351,164 "," 467,208 ", 5.3 ,,,,,,,,,,,
1990,9," 8,813,305 "," 8,332,587 "," 480,718 ", 5.5 ,,,,,,,,,,,
1990,10," 8,804,304 "," 8,307,610 "," 496,694 ", 5.6 ,,,,,,,,,,,
1990,11," 8,793,744 "," 8,278,987 "," 514,757 ", 5.9 ,,,,,,,,,,,
1990,12," 8,784,321 "," 8,249,326 "," 534,995 ", 6.1 ,,,,,,,,,,,
1991,1," 8,777,929 "," 8,219,779 "," 558,150 ", 6.4 ,,,,,,,,,,,
1991,2," 8,775,940 "," 8,192,963 "," 582,977 ", 6.6 ,,,,,,,,,,,
1991,3," 8,775,539 "," 8,169,223 "," 606,316 ", 6.9 ,,,,,,,,,,,
1991,4," 8,773,441 "," 8,148,418 "," 625,023 ", 7.1 ,,,,,,,,,,,
1991,5," 8,767,616 "," 8,130,636 "," 636,980 ", 7.3 ,,,,,,,,,,,
1991,6," 8,757,553 "," 8,115,530 "," 642,023 ", 7.3 ,,,,,,,,,,,
1991,7," 8,743,327 "," 8,100,769 "," 642,558 ", 7.3 ,,,,,,,,,,,
1991,8," 8,727,816 "," 8,084,980 "," 642,836 ", 7.4 ,,,,,,,,,,,
1991,9," 8,715,680 "," 8,068,393 "," 647,287 ", 7.4 ,,,,,,,,,,,
1991,10," 8,708,582 "," 8,050,294 "," 658,288 ", 7.6 ,,,,,,,,,,,
1991,11," 8,705,941 "," 8,031,299 "," 674,642 ", 7.7 ,,,,,,,,,,,
1991,12," 8,706,137 "," 8,013,353 "," 692,784 ", 8.0 ,,,,,,,,,,,
1992,1," 8,708,926 "," 7,999,171 "," 709,755 ", 8.1 ,,,,,,,,,,,
1992,2," 8,714,912 "," 7,990,052 "," 724,860 ", 8.3 ,,,,,,,,,,,
1992,3," 8,725,365 "," 7,987,568 "," 737,797 ", 8.5 ,,,,,,,,,,,
1992,4," 8,740,047 "," 7,990,891 "," 749,156 ", 8.6 ,,,,,,,,,,,
1992,5," 8,754,894 "," 7,995,743 "," 759,151 ", 8.7 ,,,,,,,,,,,
1992,6," 8,766,480 "," 7,999,215 "," 767,265 ", 8.8 ,,,,,,,,,,,
1992,7," 8,773,818 "," 8,001,004 "," 772,814 ", 8.8 ,,,,,,,,,,,
1992,8," 8,776,018 "," 8,001,319 "," 774,699 ", 8.8 ,,,,,,,,,,,
1992,9," 8,772,947 "," 8,000,418 "," 772,529 ", 8.8 ,,,,,,,,,,,
1992,10," 8,766,374 "," 8,000,168 "," 766,206 ", 8.7 ,,,,,,,,,,,
1992,11," 8,756,812 "," 8,000,282 "," 756,530 ", 8.6 ,,,,,,,,,,,
1992,12," 8,745,286 "," 8,000,812 "," 744,474 ", 8.5 ,,,,,,,,,,,
1993,1," 8,733,683 "," 8,003,049 "," 730,634 ", 8.4 ,,,,,,,,,,,
1993,2," 8,723,152 "," 8,007,237 "," 715,915 ", 8.2 ,,,,,,,,,,,
1993,3," 8,715,644 "," 8,013,517 "," 702,127 ", 8.1 ,,,,,,,,,,,
1993,4," 8,711,654 "," 8,021,349 "," 690,305 ", 7.9 ,,,,,,,,,,,
1993,5," 8,711,124 "," 8,029,031 "," 682,093 ", 7.8 ,,,,,,,,,,,
1993,6," 8,713,337 "," 8,034,630 "," 678,707 ", 7.8 ,,,,,,,,,,,
1993,7," 8,715,058 "," 8,036,330 "," 678,728 ", 7.8 ,,,,,,,,,,,
1993,8," 8,715,040 "," 8,035,066 "," 679,974 ", 7.8 ,,,,,,,,,,,
1993,9," 8,714,887 "," 8,034,395 "," 680,492 ", 7.8 ,,,,,,,,,,,
1993,10," 8,715,671 "," 8,035,928 "," 679,743 ", 7.8 ,,,,,,,,,,,
1993,11," 8,718,020 "," 8,039,549 "," 678,471 ", 7.8 ,,,,,,,,,,,
1993,12," 8,721,201 "," 8,045,541 "," 675,660 ", 7.7 ,,,,,,,,,,,
1994,1," 8,721,845 "," 8,052,421 "," 669,424 ", 7.7 ,,,,,,,,,,,
1994,2," 8,716,537 "," 8,057,256 "," 659,281 ", 7.6 ,,,,,,,,,,,
1994,3," 8,704,544 "," 8,057,843 "," 646,701 ", 7.4 ,,,,,,,,,,,
1994,4," 8,688,016 "," 8,054,927 "," 633,089 ", 7.3 ,,,,,,,,,,,
1994,5," 8,671,546 "," 8,052,095 "," 619,451 ", 7.1 ,,,,,,,,,,,
1994,6," 8,659,424 "," 8,052,845 "," 606,579 ", 7.0 ,,,,,,,,,,,
1994,7," 8,654,246 "," 8,059,480 "," 594,766 ", 6.9 ,,,,,,,,,,,
1994,8," 8,654,979 "," 8,071,359 "," 583,620 ", 6.7 ,,,,,,,,,,,
1994,9," 8,658,712 "," 8,086,242 "," 572,470 ", 6.6 ,,,,,,,,,,,
1994,10," 8,662,816 "," 8,102,511 "," 560,305 ", 6.5 ,,,,,,,,,,,
1994,11," 8,666,851 "," 8,118,839 "," 548,012 ", 6.3 ,,,,,,,,,,,
1994,12," 8,669,405 "," 8,130,782 "," 538,623 ", 6.2 ,,,,,,,,,,,
1995,1," 8,668,788 "," 8,134,523 "," 534,265 ", 6.2 ,,,,,,,,,,,
1995,2," 8,665,605 "," 8,131,282 "," 534,323 ", 6.2 ,,,,,,,,,,,
1995,3," 8,661,084 "," 8,123,523 "," 537,561 ", 6.2 ,,,,,,,,,,,
1995,4," 8,656,628 "," 8,113,625 "," 543,003 ", 6.3 ,,,,,,,,,,,
1995,5," 8,654,154 "," 8,105,053 "," 549,101 ", 6.3 ,,,,,,,,,,,
1995,6," 8,654,069 "," 8,100,273 "," 553,796 ", 6.4 ,,,,,,,,,,,
1995,7," 8,656,212 "," 8,099,536 "," 556,676 ", 6.4 ,,,,,,,,,,,
1995,8," 8,659,665 "," 8,101,908 "," 557,757 ", 6.4 ,,,,,,,,,,,
1995,9," 8,662,646 "," 8,106,073 "," 556,573 ", 6.4 ,,,,,,,,,,,
1995,10," 8,664,429 "," 8,110,815 "," 553,614 ", 6.4 ,,,,,,,,,,,
1995,11," 8,665,220 "," 8,115,847 "," 549,373 ", 6.3 ,,,,,,,,,,,
1995,12," 8,667,829 "," 8,122,020 "," 545,809 ", 6.3 ,,,,,,,,,,,
1996,1," 8,676,288 "," 8,131,307 "," 544,981 ", 6.3 ,,,,,,,,,,,
1996,2," 8,692,038 "," 8,144,391 "," 547,647 ", 6.3 ,,,,,,,,,,,
1996,3," 8,713,366 "," 8,161,184 "," 552,182 ", 6.3 ,,,,,,,,,,,
1996,4," 8,736,676 "," 8,181,321 "," 555,355 ", 6.4 ,,,,,,,,,,,
1996,5," 8,758,880 "," 8,204,109 "," 554,771 ", 6.3 ,,,,,,,,,,,
1996,6," 8,779,097 "," 8,228,714 "," 550,383 ", 6.3 ,,,,,,,,,,,
1996,7," 8,798,180 "," 8,254,302 "," 543,878 ", 6.2 ,,,,,,,,,,,
1996,8," 8,817,324 "," 8,278,693 "," 538,631 ", 6.1 ,,,,,,,,,,,
1996,9," 8,836,157 "," 8,297,868 "," 538,289 ", 6.1 ,,,,,,,,,,,
1996,10," 8,854,420 "," 8,310,147 "," 544,273 ", 6.1 ,,,,,,,,,,,
1996,11," 8,872,559 "," 8,317,522 "," 555,037 ", 6.3 ,,,,,,,,,,,
1996,12," 8,891,400 "," 8,324,338 "," 567,062 ", 6.4 ,,,,,,,,,,,
1997,1," 8,911,659 "," 8,333,905 "," 577,754 ", 6.5 ,,,,,,,,,,,
1997,2," 8,933,963 "," 8,348,269 "," 585,694 ", 6.6 ,,,,,,,,,,,
1997,3," 8,958,859 "," 8,368,885 "," 589,974 ", 6.6 ,,,,,,,,,,,
1997,4," 8,986,277 "," 8,394,265 "," 592,012 ", 6.6 ,,,,,,,,,,,
1997,5," 9,012,356 "," 8,419,436 "," 592,920 ", 6.6 ,,,,,,,,,,,
1997,6," 9,033,067 "," 8,440,764 "," 592,303 ", 6.6 ,,,,,,,,,,,
1997,7," 9,046,902 "," 8,457,735 "," 589,167 ", 6.5 ,,,,,,,,,,,
1997,8," 9,054,149 "," 8,470,816 "," 583,333 ", 6.4 ,,,,,,,,,,,
1997,9," 9,056,630 "," 8,481,537 "," 575,093 ", 6.3 ,,,,,,,,,,,
1997,10," 9,056,832 "," 8,490,506 "," 566,326 ", 6.3 ,,,,,,,,,,,
1997,11," 9,055,815 "," 8,497,555 "," 558,260 ", 6.2 ,,,,,,,,,,,
1997,12," 9,054,800 "," 8,503,839 "," 550,961 ", 6.1 ,,,,,,,,,,,
1998,1," 9,054,056 "," 8,510,512 "," 543,544 ", 6.0 ,,,,,,,,,,,
1998,2," 9,053,560 "," 8,518,256 "," 535,304 ", 5.9 ,,,,,,,,,,,
1998,3," 9,052,610 "," 8,526,423 "," 526,187 ", 5.8 ,,,,,,,,,,,
1998,4," 9,052,004 "," 8,535,778 "," 516,226 ", 5.7 ,,,,,,,,,,,
1998,5," 9,053,944 "," 8,547,055 "," 506,889 ", 5.6 ,,,,,,,,,,,
1998,6," 9,059,204 "," 8,558,956 "," 500,248 ", 5.5 ,,,,,,,,,,,
1998,7," 9,067,021 "," 8,569,737 "," 497,284 ", 5.5 ,,,,,,,,,,,
1998,8," 9,077,075 "," 8,580,366 "," 496,709 ", 5.5 ,,,,,,,,,,,
1998,9," 9,088,861 "," 8,591,786 "," 497,075 ", 5.5 ,,,,,,,,,,,
1998,10," 9,099,746 "," 8,603,458 "," 496,288 ", 5.5 ,,,,,,,,,,,
1998,11," 9,107,113 "," 8,613,449 "," 493,664 ", 5.4 ,,,,,,,,,,,
1998,12," 9,109,717 "," 8,620,015 "," 489,702 ", 5.4 ,,,,,,,,,,,
1999,1," 9,108,381 "," 8,623,485 "," 484,896 ", 5.3 ,,,,,,,,,,,
1999,2," 9,106,298 "," 8,625,245 "," 481,053 ", 5.3 ,,,,,,,,,,,
1999,3," 9,106,566 "," 8,627,336 "," 479,230 ", 5.3 ,,,,,,,,,,,
1999,4," 9,110,450 "," 8,630,814 "," 479,636 ", 5.3 ,,,,,,,,,,,
1999,5," 9,117,406 "," 8,636,073 "," 481,333 ", 5.3 ,,,,,,,,,,,
1999,6," 9,126,613 "," 8,643,942 "," 482,671 ", 5.3 ,,,,,,,,,,,
1999,7," 9,135,573 "," 8,653,680 "," 481,893 ", 5.3 ,,,,,,,,,,,
1999,8," 9,141,542 "," 8,663,902 "," 477,640 ", 5.2 ,,,,,,,,,,,
1999,9," 9,143,518 "," 8,674,050 "," 469,468 ", 5.1 ,,,,,,,,,,,
1999,10," 9,142,895 "," 8,684,233 "," 458,662 ", 5.0 ,,,,,,,,,,,
1999,11," 9,142,965 "," 8,695,676 "," 447,289 ", 4.9 ,,,,,,,,,,,
1999,12," 9,145,142 "," 8,707,653 "," 437,489 ", 4.8 ,,,,,,,,,,,
2000,1," 9,148,772 "," 8,718,077 "," 430,695 ", 4.7 ,,,,,,,,,,,
2000,2," 9,150,933 "," 8,724,877 "," 426,056 ", 4.7 ,,,,,,,,,,,
2000,3," 9,149,949 "," 8,726,607 "," 423,342 ", 4.6 ,,,,,,,,,,,
2000,4," 9,145,145 "," 8,723,092 "," 422,053 ", 4.6 ,,,,,,,,,,,
2000,5," 9,136,838 "," 8,716,038 "," 420,800 ", 4.6 ,,,,,,,,,,,
2000,6," 9,126,545 "," 8,707,347 "," 419,198 ", 4.6 ,,,,,,,,,,,
2000,7," 9,117,373 "," 8,700,292 "," 417,081 ", 4.6 ,,,,,,,,,,,
2000,8," 9,113,416 "," 8,699,324 "," 414,092 ", 4.5 ,,,,,,,,,,,
2000,9," 9,116,092 "," 8,706,475 "," 409,617 ", 4.5 ,,,,,,,,,,,
2000,10," 9,124,683 "," 8,721,464 "," 403,219 ", 4.4 ,,,,,,,,,,,
2000,11," 9,135,828 "," 8,740,180 "," 395,648 ", 4.3 ,,,,,,,,,,,
2000,12," 9,145,125 "," 8,756,838 "," 388,287 ", 4.2 ,,,,,,,,,,,
2001,1," 9,149,403 "," 8,766,694 "," 382,709 ", 4.2 ,,,,,,,,,,,
2001,2," 9,148,011 "," 8,767,790 "," 380,221 ", 4.2 ,,,,,,,,,,,
2001,3," 9,141,552 "," 8,760,193 "," 381,359 ", 4.2 ,,,,,,,,,,,
2001,4," 9,132,763 "," 8,745,968 "," 386,795 ", 4.2 ,,,,,,,,,,,
2001,5," 9,126,617 "," 8,729,233 "," 397,384 ", 4.4 ,,,,,,,,,,,
2001,6," 9,125,876 "," 8,712,890 "," 412,986 ", 4.5 ,,,,,,,,,,,
2001,7," 9,132,095 "," 8,699,049 "," 433,046 ", 4.7 ,,,,,,,,,,,
2001,8," 9,142,544 "," 8,685,756 "," 456,788 ", 5.0 ,,,,,,,,,,,
2001,9," 9,154,926 "," 8,672,427 "," 482,499 ", 5.3 ,,,,,,,,,,,
2001,10," 9,168,482 "," 8,660,555 "," 507,927 ", 5.5 ,,,,,,,,,,,
2001,11," 9,182,280 "," 8,651,335 "," 530,945 ", 5.8 ,,,,,,,,,,,
2001,12," 9,197,679 "," 8,647,591 "," 550,088 ", 6.0 ,,,,,,,,,,,
2002,1," 9,215,047 "," 8,650,499 "," 564,548 ", 6.1 ,,,,,,,,,,,
2002,2," 9,232,774 "," 8,658,481 "," 574,293 ", 6.2 ,,,,,,,,,,,
2002,3," 9,249,119 "," 8,669,535 "," 579,584 ", 6.3 ,,,,,,,,,,,
2002,4," 9,263,603 "," 8,683,503 "," 580,100 ", 6.3 ,,,,,,,,,,,
2002,5," 9,275,952 "," 8,699,645 "," 576,307 ", 6.2 ,,,,,,,,,,,
2002,6," 9,286,050 "," 8,716,472 "," 569,578 ", 6.1 ,,,,,,,,,,,
2002,7," 9,292,936 "," 8,730,281 "," 562,655 ", 6.1 ,,,,,,,,,,,
2002,8," 9,297,709 "," 8,739,159 "," 558,550 ", 6.0 ,,,,,,,,,,,
2002,9," 9,301,647 "," 8,742,256 "," 559,391 ", 6.0 ,,,,,,,,,,,
2002,10," 9,303,119 "," 8,738,599 "," 564,520 ", 6.1 ,,,,,,,,,,,
2002,11," 9,302,259 "," 8,730,762 "," 571,497 ", 6.1 ,,,,,,,,,,,
2002,12," 9,298,512 "," 8,720,863 "," 577,649 ", 6.2 ,,,,,,,,,,,
2003,1," 9,293,854 "," 8,711,662 "," 582,192 ", 6.3 ,,,,,,,,,,,
2003,2," 9,290,354 "," 8,705,298 "," 585,056 ", 6.3 ,,,,,,,,,,,
2003,3," 9,286,833 "," 8,700,335 "," 586,498 ", 6.3 ,,,,,,,,,,,
2003,4," 9,280,666 "," 8,692,684 "," 587,982 ", 6.3 ,,,,,,,,,,,
2003,5," 9,270,558 "," 8,679,734 "," 590,824 ", 6.4 ,,,,,,,,,,,
2003,6," 9,259,338 "," 8,664,420 "," 594,918 ", 6.4 ,,,,,,,,,,,
2003,7," 9,249,134 "," 8,651,128 "," 598,006 ", 6.5 ,,,,,,,,,,,
2003,8," 9,241,539 "," 8,642,814 "," 598,725 ", 6.5 ,,,,,,,,,,,
2003,9," 9,238,227 "," 8,641,565 "," 596,662 ", 6.5 ,,,,,,,,,,,
2003,10," 9,241,024 "," 8,647,113 "," 593,911 ", 6.4 ,,,,,,,,,,,
2003,11," 9,249,302 "," 8,656,815 "," 592,487 ", 6.4 ,,,,,,,,,,,
2003,12," 9,258,922 "," 8,667,235 "," 591,687 ", 6.4 ,,,,,,,,,,,
2004,1," 9,265,169 "," 8,675,101 "," 590,068 ", 6.4 ,,,,,,,,,,,
2004,2," 9,266,727 "," 8,680,024 "," 586,703 ", 6.3 ,,,,,,,,,,,
2004,3," 9,300,272 "," 8,718,791 "," 581,481 ", 6.3 ,,,,,,,,,,,
2004,4," 9,326,798 "," 8,753,347 "," 573,451 ", 6.1 ,,,,,,,,,,,
2004,5," 9,347,739 "," 8,785,278 "," 562,461 ", 6.0 ,,,,,,,,,,,
2004,6," 9,363,865 "," 8,814,864 "," 549,001 ", 5.9 ,,,,,,,,,,,
2004,7," 9,377,242 "," 8,841,888 "," 535,354 ", 5.7 ,,,,,,,,,,,
2004,8," 9,388,436 "," 8,865,420 "," 523,016 ", 5.6 ,,,,,,,,,,,
2004,9," 9,396,011 "," 8,883,320 "," 512,691 ", 5.5 ,,,,,,,,,,,
2004,10," 9,398,541 "," 8,894,802 "," 503,739 ", 5.4 ,,,,,,,,,,,
2004,11," 9,396,294 "," 8,901,578 "," 494,716 ", 5.3 ,,,,,,,,,,,
2004,12," 9,394,413 "," 8,907,475 "," 486,938 ", 5.2 ,,,,,,,,,,,
2005,1," 9,396,085 "," 8,915,505 "," 480,580 ", 5.1 ,,,,,,,,,,,
2005,2," 9,401,262 "," 8,925,944 "," 475,318 ", 5.1 ,,,,,,,,,,,
2005,3," 9,409,839 "," 8,939,247 "," 470,592 ", 5.0 ,,,,,,,,,,,
2005,4," 9,423,325 "," 8,956,211 "," 467,114 ", 5.0 ,,,,,,,,,,,
2005,5," 9,442,291 "," 8,976,408 "," 465,883 ", 4.9 ,,,,,,,,,,,
2005,6," 9,463,924 "," 8,995,850 "," 468,074 ", 4.9 ,,,,,,,,,,,
2005,7," 9,483,995 "," 9,010,415 "," 473,580 ", 5.0 ,,,,,,,,,,,
2005,8," 9,498,246 "," 9,019,218 "," 479,028 ", 5.0 ,,,,,,,,,,,
2005,9," 9,505,190 "," 9,023,777 "," 481,413 ", 5.1 ,,,,,,,,,,,
2005,10," 9,506,360 "," 9,027,025 "," 479,335 ", 5.0 ,,,,,,,,,,,
2005,11," 9,504,409 "," 9,030,508 "," 473,901 ", 5.0 ,,,,,,,,,,,
2005,12," 9,500,990 "," 9,034,673 "," 466,317 ", 4.9 ,,,,,,,,,,,
2006,1," 9,499,541 "," 9,041,288 "," 458,253 ", 4.8 ,,,,,,,,,,,
2006,2," 9,502,227 "," 9,050,364 "," 451,863 ", 4.8 ,,,,,,,,,,,
2006,3," 9,508,146 "," 9,059,283 "," 448,863 ", 4.7 ,,,,,,,,,,,
2006,4," 9,513,981 "," 9,065,340 "," 448,641 ", 4.7 ,,,,,,,,,,,
2006,5," 9,516,161 "," 9,068,445 "," 447,716 ", 4.7 ,,,,,,,,,,,
2006,6," 9,513,249 "," 9,069,599 "," 443,650 ", 4.7 ,,,,,,,,,,,
2006,7," 9,507,535 "," 9,072,177 "," 435,358 ", 4.6 ,,,,,,,,,,,
2006,8," 9,503,367 "," 9,077,822 "," 425,545 ", 4.5 ,,,,,,,,,,,
2006,9," 9,503,147 "," 9,086,018 "," 417,129 ", 4.4 ,,,,,,,,,,,
2006,10," 9,507,130 "," 9,096,735 "," 410,395 ", 4.3 ,,,,,,,,,,,
2006,11," 9,513,238 "," 9,107,686 "," 405,552 ", 4.3 ,,,,,,,,,,,
2006,12," 9,517,371 "," 9,114,514 "," 402,857 ", 4.2 ,,,,,,,,,,,
2007,1," 9,517,017 "," 9,114,266 "," 402,751 ", 4.2 ,,,,,,,,,,,
2007,2," 9,513,343 "," 9,107,919 "," 405,424 ", 4.3 ,,,,,,,,,,,
2007,3," 9,507,329 "," 9,097,197 "," 410,132 ", 4.3 ,,,,,,,,,,,
2007,4," 9,501,517 "," 9,085,144 "," 416,373 ", 4.4 ,,,,,,,,,,,
2007,5," 9,498,541 "," 9,074,455 "," 424,086 ", 4.5 ,,,,,,,,,,,
2007,6," 9,499,555 "," 9,067,526 "," 432,029 ", 4.5 ,,,,,,,,,,,
2007,7," 9,504,776 "," 9,065,612 "," 439,164 ", 4.6 ,,,,,,,,,,,
2007,8," 9,514,662 "," 9,069,298 "," 445,364 ", 4.7 ,,,,,,,,,,,
2007,9," 9,528,946 "," 9,078,967 "," 449,979 ", 4.7 ,,,,,,,,,,,
2007,10," 9,545,835 "," 9,091,815 "," 454,020 ", 4.8 ,,,,,,,,,,,
2007,11," 9,563,786 "," 9,106,286 "," 457,500 ", 4.8 ,,,,,,,,,,,
2007,12," 9,581,991 "," 9,121,473 "," 460,518 ", 4.8 ,,,,,,,,,,,
2008,1," 9,598,042 "," 9,134,103 "," 463,939 ", 4.8 ,,,,,,,,,,,
2008,2," 9,610,400 "," 9,142,919 "," 467,481 ", 4.9 ,,,,,,,,,,,
2008,3," 9,620,542 "," 9,148,598 "," 471,944 ", 4.9 ,,,,,,,,,,,
2008,4," 9,630,522 "," 9,151,583 "," 478,939 ", 5.0 ,,,,,,,,,,,
2008,5," 9,642,282 "," 9,153,029 "," 489,253 ", 5.1 ,,,,,,,,,,,
2008,6," 9,657,335 "," 9,154,693 "," 502,642 ", 5.2 ,,,,,,,,,,,
2008,7," 9,674,584 "," 9,156,275 "," 518,309 ", 5.4 ,,,,,,,,,,,
2008,8," 9,691,204 "," 9,155,607 "," 535,597 ", 5.5 ,,,,,,,,,,,
2008,9," 9,704,706 "," 9,148,655 "," 556,051 ", 5.7 ,,,,,,,,,,,
2008,10," 9,713,684 "," 9,131,699 "," 581,985 ", 6.0 ,,,,,,,,,,,
2008,11," 9,716,531 "," 9,102,543 "," 613,988 ", 6.3 ,,,,,,,,,,,
2008,12," 9,712,772 "," 9,062,274 "," 650,498 ", 6.7 ,,,,,,,,,,,
2009,1," 9,703,544 "," 9,014,776 "," 688,768 ", 7.1 ,,,,,,,,,,,
2009,2," 9,692,579 "," 8,966,570 "," 726,009 ", 7.5 ,,,,,,,,,,,
2009,3," 9,684,568 "," 8,926,228 "," 758,340 ", 7.8 ,,,,,,,,,,,
2009,4," 9,680,939 "," 8,897,835 "," 783,104 ", 8.1 ,,,,,,,,,,,
2009,5," 9,678,652 "," 8,877,362 "," 801,290 ", 8.3 ,,,,,,,,,,,
2009,6," 9,674,374 "," 8,859,328 "," 815,046 ", 8.4 ,,,,,,,,,,,
2009,7," 9,664,397 "," 8,838,266 "," 826,131 ", 8.5 ,,,,,,,,,,,
2009,8," 9,646,808 "," 8,811,462 "," 835,346 ", 8.7 ,,,,,,,,,,,
2009,9," 9,624,047 "," 8,781,638 "," 842,409 ", 8.8 ,,,,,,,,,,,
2009,10," 9,599,817 "," 8,753,163 "," 846,654 ", 8.8 ,,,,,,,,,,,
2009,11," 9,582,339 "," 8,733,084 "," 849,255 ", 8.9 ,,,,,,,,,,,
2009,12," 9,578,723 "," 8,727,519 "," 851,204 ", 8.9 ,,,,,,,,,,,
2010,1," 9,589,044 "," 8,737,735 "," 851,309 ", 8.9 ,,,,,,,,,,,
2010,2," 9,605,948 "," 8,757,142 "," 848,806 ", 8.8 ,,,,,,,,,,,
2010,3," 9,621,227 "," 8,776,986 "," 844,241 ", 8.8 ,,,,,,,,,,,
2010,4," 9,630,479 "," 8,792,421 "," 838,058 ", 8.7 ,,,,,,,,,,,
2010,5," 9,631,529 "," 8,801,543 "," 829,986 ", 8.6 ,,,,,,,,,,,
2010,6," 9,623,572 "," 8,801,658 "," 821,914 ", 8.5 ,,,,,,,,,,,
2010,7," 9,609,354 "," 8,792,951 "," 816,403 ", 8.5 ,,,,,,,,,,,
2010,8," 9,593,332 "," 8,779,428 "," 813,904 ", 8.5 ,,,,,,,,,,,
2010,9," 9,577,587 "," 8,764,345 "," 813,242 ", 8.5 ,,,,,,,,,,,
2010,10," 9,563,891 "," 8,752,287 "," 811,604 ", 8.5 ,,,,,,,,,,,
2010,11," 9,551,431 "," 8,744,834 "," 806,597 ", 8.4 ,,,,,,,,,,,
2010,12," 9,539,098 "," 8,740,995 "," 798,103 ", 8.4 ,,,,,,,,,,,
2011,1," 9,528,314 "," 8,739,920 "," 788,394 ", 8.3 ,,,,,,,,,,,
2011,2," 9,517,986 "," 8,738,380 "," 779,606 ", 8.2 ,,,,,,,,,,,
2011,3," 9,506,231 "," 8,733,288 "," 772,943 ", 8.1 ,,,,,,,,,,,
2011,4," 9,493,559 "," 8,723,458 "," 770,101 ", 8.1 ,,,,,,,,,,,
2011,5," 9,483,635 "," 8,711,503 "," 772,132 ", 8.1 ,,,,,,,,,,,
2011,6," 9,480,227 "," 8,702,587 "," 777,640 ", 8.2 ,,,,,,,,,,,
2011,7," 9,486,165 "," 8,701,473 "," 784,692 ", 8.3 ,,,,,,,,,,,
2011,8," 9,500,945 "," 8,708,594 "," 792,351 ", 8.3 ,,,,,,,,,,,
2011,9," 9,521,336 "," 8,721,554 "," 799,782 ", 8.4 ,,,,,,,,,,,
2011,10," 9,543,711 "," 8,736,516 "," 807,195 ", 8.5 ,,,,,,,,,,,
2011,11," 9,562,510 "," 8,748,504 "," 814,006 ", 8.5 ,,,,,,,,,,,
2011,12," 9,574,444 "," 8,754,959 "," 819,485 ", 8.6 ,,,,,,,,,,,
2012,1," 9,581,121 "," 8,757,122 "," 823,999 ", 8.6 ,,,,,,,,,,,
2012,2," 9,586,612 "," 8,758,084 "," 828,528 ", 8.6 ,,,,,,,,,,,
2012,3," 9,591,657 "," 8,757,816 "," 833,841 ", 8.7 ,,,,,,,,,,,
2012,4," 9,594,584 "," 8,756,373 "," 838,211 ", 8.7 ,,,,,,,,,,,
2012,5," 9,597,583 "," 8,757,979 "," 839,604 ", 8.7 ,,,,,,,,,,,
2012,6," 9,602,266 "," 8,765,976 "," 836,290 ", 8.7 ,,,,,,,,,,,
2012,7," 9,608,455 "," 8,780,838 "," 827,617 ", 8.6 ,,,,,,,,,,,
2012,8," 9,617,913 "," 8,801,370 "," 816,543 ", 8.5 ,,,,,,,,,,,
2012,9," 9,631,758 "," 8,824,815 "," 806,943 ", 8.4 ,,,,,,,,,,,
2012,10," 9,645,555 "," 8,845,696 "," 799,859 ", 8.3 ,,,,,,,,,,,
2012,11," 9,655,584 "," 8,860,603 "," 794,981 ", 8.2 ,,,,,,,,,,,
2012,12," 9,659,771 "," 8,868,947 "," 790,824 ", 8.2 ,,,,,,,,,,,
2013,1," 9,655,271 "," 8,869,350 "," 785,921 ", 8.1 ,,,,,,,,,,,
2013,2," 9,651,505 "," 8,872,227 "," 779,278 ", 8.1 ,,,,,,,,,,,
2013,3," 9,651,758 "," 8,880,955 "," 770,803 ", 8.0 ,,,,,,,,,,,
2013,4," 9,660,078 "," 8,897,969 "," 762,109 ", 7.9 ,,,,,,,,,,,
2013,5," 9,672,985 "," 8,917,413 "," 755,572 ", 7.8 ,,,,,,,,,,,
2013,6," 9,685,182 "," 8,932,756 "," 752,426 ", 7.8 ,,,,,,,,,,,
2013,7," 9,692,150 "," 8,941,331 "," 750,819 ", 7.7 ,,,,,,,,,,,
2013,8," 9,687,837 "," 8,942,726 "," 745,111 ", 7.7 ,,,,,,,,,,,
2013,9," 9,671,445 "," 8,938,974 "," 732,471 ", 7.6 ,,,,,,,,,,,
2013,10," 9,650,536 "," 8,934,550 "," 715,986 ", 7.4 ,,,,,,,,,,,
2013,11," 9,631,855 "," 8,933,068 "," 698,787 ", 7.3 ,,,,,,,,,,,
2013,12," 9,617,388 "," 8,934,768 "," 682,620 ", 7.1 ,,,,,,,,,,,
2014,1," 9,557,444 "," 8,891,979 "," 665,465 ", 7.0 ,,,,,,,,,,,
2014,2," 9,548,508 "," 8,896,686 "," 651,822 ", 6.8 ,,,,,,,,,,,
2014,3," 9,540,438 "," 8,900,374 "," 640,064 ", 6.7 ,,,,,,,,,,,
2014,4," 9,531,103 "," 8,901,572 "," 629,531 ", 6.6 ,,,,,,,,,,,
2014,5," 9,521,124 "," 8,903,144 "," 617,980 ", 6.5 ,,,,,,,,,,,
2014,6," 9,514,317 "," 8,909,035 "," 605,282 ", 6.4 ,,,,,,,,,,,
2014,7," 9,511,481 "," 8,918,415 "," 593,066 ", 6.2 ,,,,,,,,,,,
2014,8," 9,514,182 "," 8,931,022 "," 583,160 ", 6.1 ,,,,,,,,,,,
2014,9," 9,521,660 "," 8,946,039 "," 575,621 ", 6.0 ,,,,,,,,,,,
2014,10," 9,529,358 "," 8,961,204 "," 568,154 ", 6.0 ,,,,,,,,,,,
2014,11," 9,534,612 "," 8,974,604 "," 560,008 ", 5.9 ,,,,,,,,,,,
2014,12," 9,540,144 "," 8,987,189 "," 552,955 ", 5.8 ,,,,,,,,,,,
2015,1," 9,544,579 "," 8,997,585 "," 546,994 ", 5.7 ,,,,,,,,,,,
2015,2," 9,552,949 "," 9,010,168 "," 542,781 ", 5.7 ,,,,,,,,,,,
2015,3," 9,561,497 "," 9,023,616 "," 537,881 ", 5.6 ,,,,,,,,,,,
2015,4," 9,568,011 "," 9,037,463 "," 530,548 ", 5.5 ,,,,,,,,,,,
2015,5," 9,569,402 "," 9,049,193 "," 520,209 ", 5.4 ,,,,,,,,,,,
2015,6," 9,563,755 "," 9,056,618 "," 507,137 ", 5.3 ,,,,,,,,,,,
2015,7," 9,554,722 "," 9,061,246 "," 493,476 ", 5.2 ,,,,,,,,,,,
2015,8," 9,547,385 "," 9,065,479 "," 481,906 ", 5.0 ,,,,,,,,,,,
2015,9," 9,545,316 "," 9,072,213 "," 473,103 ", 5.0 ,,,,,,,,,,,
2015,10," 9,552,323 "," 9,084,409 "," 467,914 ", 4.9 ,,,,,,,,,,,
2015,11," 9,567,364 "," 9,100,847 "," 466,517 ", 4.9 ,,,,,,,,,,,
2015,12," 9,582,950 "," 9,116,556 "," 466,394 ", 4.9 ,,,,,,,,,,,
2016,1," 9,591,743 "," 9,126,494 "," 465,249 ", 4.9 ,,,,,,,,,,,
2016,2," 9,590,442 "," 9,127,609 "," 462,833 ", 4.8 ,,,,,,,,,,,
2016,3," 9,579,507 "," 9,119,809 "," 459,698 ", 4.8 ,,,,,,,,,,,
2016,4," 9,564,084 "," 9,106,300 "," 457,784 ", 4.8 ,,,,,,,,,,,
2016,5," 9,550,935 "," 9,091,949 "," 458,986 ", 4.8 ,,,,,,,,,,,
2016,6," 9,543,083 "," 9,080,187 "," 462,896 ", 4.9 ,,,,,,,,,,,
2016,7," 9,539,996 "," 9,072,562 "," 467,434 ", 4.9 ,,,,,,,,,,,
2016,8," 9,539,455 "," 9,068,476 "," 470,979 ", 4.9 ,,,,,,,,,,,
2016,9," 9,539,105 "," 9,066,158 "," 472,947 ", 5.0 ,,,,,,,,,,,
2016,10," 9,536,267 "," 9,064,636 "," 471,631 ", 4.9 ,,,,,,,,,,,
2016,11," 9,531,775 "," 9,065,980 "," 465,795 ", 4.9 ,,,,,,,,,,,
2016,12," 9,529,163 "," 9,071,509 "," 457,654 ", 4.8 ,,,,,,,,,,,
2017,1," 9,530,913 "," 9,080,374 "," 450,539 ", 4.7 ,,,,,,,,,,,
2017,2," 9,537,224 "," 9,091,221 "," 446,003 ", 4.7 ,,,,,,,,,,,
2017,3," 9,545,838 "," 9,100,810 "," 445,028 ", 4.7 ,,,,,,,,,,,
2017,4," 9,555,504 "," 9,108,274 "," 447,230 ", 4.7 ,,,,,,,,,,,
2017,5," 9,564,471 "," 9,113,926 "," 450,545 ", 4.7 ,,,,,,,,,,,
2017,6," 9,570,659 "," 9,117,029 "," 453,630 ", 4.7 ,,,,,,,,,,,
2017,7," 9,572,659 "," 9,117,049 "," 455,610 ", 4.8 ,,,,,,,,,,,
2017,8," 9,568,287 "," 9,113,232 "," 455,055 ", 4.8 ,,,,,,,,,,,
2017,9," 9,557,643 "," 9,105,971 "," 451,672 ", 4.7 ,,,,,,,,,,,
2017,10," 9,543,205 "," 9,096,611 "," 446,594 ", 4.7 ,,,,,,,,,,,
2017,11," 9,527,547 "," 9,085,925 "," 441,622 ", 4.6 ,,,,,,,,,,,
2017,12," 9,513,789 "," 9,077,369 "," 436,420 ", 4.6 ,,,,,,,,,,,
2018,1," 9,505,817 "," 9,074,847 "," 430,970 ", 4.5 ,,,,,,,,,,,
2018,2," 9,506,088 "," 9,080,635 "," 425,453 ", 4.5 ,,,,,,,,,,,
2018,3," 9,512,599 "," 9,093,681 "," 418,918 ", 4.4 ,,,,,,,,,,,
2018,4," 9,518,802 "," 9,108,362 "," 410,440 ", 4.3 ,,,,,,,,,,,
2018,5," 9,520,394 "," 9,119,951 "," 400,443 ", 4.2 ,,,,,,,,,,,
2018,6," 9,518,221 "," 9,128,479 "," 389,742 ", 4.1 ,,,,,,,,,,,
2018,7," 9,514,970 "," 9,135,281 "," 379,689 ", 4.0 ,,,,,,,,,,,
2018,8," 9,515,399 "," 9,142,250 "," 373,149 ", 3.9 ,,,,,,,,,,,
2018,9," 9,521,482 "," 9,150,233 "," 371,249 ", 3.9 ,,,,,,,,,,,
2018,10," 9,531,730 "," 9,158,403 "," 373,327 ", 3.9 ,,,,,,,,,,,
2018,11," 9,542,679 "," 9,165,087 "," 377,592 ", 4.0 ,,,,,,,,,,,
2018,12," 9,549,429 "," 9,167,089 "," 382,340 ", 4.0 ,,,,,,,,,,,
2019,1," 9,547,462 "," 9,161,783 "," 385,679 ", 4.0 ,,,,,,,,,,,
2019,2," 9,534,512 "," 9,148,538 "," 385,974 ", 4.0 ,,,,,,,,,,,
2019,3," 9,514,746 "," 9,130,757 "," 383,989 ", 4.0 ,,,,,,,,,,,
2019,4," 9,495,586 "," 9,115,005 "," 380,581 ", 4.0 ,,,,,,,,,,,
2019,5," 9,483,005 "," 9,106,058 "," 376,947 ", 4.0 ,,,,,,,,,,,
2019,6," 9,480,192 "," 9,105,741 "," 374,451 ", 3.9 ,,,,,,,,,,,
2019,7," 9,488,460 "," 9,115,194 "," 373,266 ", 3.9 ,,,,,,,,,,,
2019,8," 9,501,909 "," 9,129,585 "," 372,324 ", 3.9 ,,,,,,,,,,,
2019,9," 9,516,997 "," 9,145,414 "," 371,583 ", 3.9 ,,,,,,,,,,,
2019,10," 9,527,899 "," 9,156,652 "," 371,247 ", 3.9 ,,,,,,,,,,,
2019,11," 9,529,070 "," 9,157,857 "," 371,213 ", 3.9 ,,,,,,,,,,,
2019,12," 9,527,712 "," 9,156,258 "," 371,454 ", 3.9 ,,,,,,,,,,,
2020,1," 9,542,921 "," 9,178,410 "," 364,511 ", 3.8 ,,,,,,,,,,,
2020,2," 9,551,655 "," 9,197,589 "," 354,066 ", 3.7 ,,,,,,,,,,,
2020,3," 9,411,433 "," 9,022,695 "," 388,738 ", 4.1 ,,,,,,,,,,,
2020,4," 9,084,012 "," 7,691,738 "," 1,392,274 ", 15.3 ,,,,,,,,,,,
2020,5," 9,089,160 "," 7,770,529 "," 1,318,631 ", 14.5 ,,,,,,,,,,,
2020,6," 9,379,581 "," 7,911,749 "," 1,467,832 ", 15.6 ,,,,,,,,,,,
2020,7," 9,580,264 "," 8,054,373 "," 1,525,891 ", 15.9 ,,,,,,,,,,,
2020,8," 9,496,930 "," 8,310,258 "," 1,186,672 ", 12.5 ,,,,,,,,,,,
2020,9," 9,134,041 "," 8,249,391 "," 884,650 ", 9.7 ,,,,,,,,,,,
,,,,  ,  ,,,,,,,,,,,
,,,,  ,  ,,,,,,,,,,,
,,,,  ,  ,,,,,,,,,,,
,,,,,,,,,,,,,,,,
,,,,,,,,,,,,,,,,
,,,,,,,,,,,,,,,,
,,,,,,,,,,,,,,,,
,,,,,,,,,,,,,,,,
,,,,,,,,,,,,,,,,
,,,,,,,,,,,,,,,,
,,,,,,,,,,,,,,,,
,,,,,,,,,,,,,,,,
,,,,,,,,,,,,,,,,
,,,,,,,,,,,,,,,,
,,,,,,,,,,,,,,,,
,,,,,,,,,,,,,,,,
,,,,,,,,,,,,,,,,
,,,,,,,,,,,,,,,,
,,,,,,,,,,,,,,,,
,,,,,,,,,,,,,,,,
,,,,,,,,,,,,,,,,
,,,,,,,,,,,,,,,,
,,,,,,,,,,,,,,,,
,,,,,,,,,,,,,,,,
,,,,,,,,,,,,,,,,
,,,,,,,,,,,,,,,,
,,,,,,,,,,,,,,,,
,,,,,,,,,,,,,,,,
,,,,,,,,,,,,,,,,
,,,,,,,,,,,,,,,,
,,,,,,,,,,,,,,,,
,,,,,,,,,,,,,,,,
,,,,,,,,,,,,,,,,
,,,,,,,,,,,,,,,,
,,,,,,,,,,,,,,,,
,,,,,,,,,,,,,,,,
,,,,,,,,,,,,,,,,
,,,,,,,,,,,,,,,,
,,,,,,,,,,,,,,,,
,,,,,,,,,,,,,,,,
,,,,,,,,,,,,,,,,